Order_ID,Customer_ID,Customer_Name,Customer_BirthDate,Customer_Group,Customer_Type,Street_ID,Street_Name,City,Postal_Code,State_Province,Country,Continent,xyContinentLat,xyContinentLon,Order_Date,Delivery_Date,Product_ID,Quantity,RetailPrice,Cost,Discount,Employee_ID,OrderType
1237230228,6054,"Bartolomiej, Ms. Gabi",01MAR1992,Orion Club members,Orion  Club members high activity,3940103461,Linnestr.,Freiburg,79110,Baden-Württemberg,Germany,Europe,48.690833,9.140556,04OCT2014,04OCT2014,240700400001,1,$66.50,$57.80,,120493,1
1237230228,6054,"Bartolomiej, Ms. Gabi",01MAR1992,Orion Club members,Orion  Club members high activity,3940103461,Linnestr.,Freiburg,79110,Baden-Württemberg,Germany,Europe,48.690833,9.140556,04OCT2014,04OCT2014,240700100012,1,$21.99,$18.20,,120493,1
1237230238,6238,"Jähnig, Ms. Anke",26MAY1990,Orion Club members,Orion  Club members medium activity,3940108751,Altneugasse,Saarbrücken,66117,Saarland,Germany,Europe,48.690833,9.140556,04OCT2014,04OCT2014,240100400008,1,$103.50,$103.40,,120436,1
1237230244,6716,"Sack, Ms. Anja d.",11JUN1948,Orion Club members,Orion Club members low activity,3940107555,Unterbibergerstr.,München,81737,Bayern,Germany,Europe,48.690833,9.140556,04OCT2014,04OCT2014,220100800044,1,$14.10,$14.00,,120447,1
1237230254,7104,"Abbaspour, Ms. Doren",03JAN1978,Orion Club Gold members,Orion Club Gold members low activity,3940107114,Dachauerstr.,München,80995,Bayern,Germany,Europe,48.690833,9.140556,04OCT2014,04OCT2014,240100100213,1,$13.30,$11.00,,120435,1
1237230258,7154,"Heimke, Mr. Harik",16MAR1988,Orion Club members,Orion  Club members high activity,3940108195,Senefelderstr.,Offenburg,77602,Baden-Württemberg,Germany,Europe,48.690833,9.140556,04OCT2014,04OCT2014,240100400044,2,$764.80,$377.90,,120438,1
1237230262,7358,"Müller, Ms. Claudia",11JUN1992,Orion Club Gold members,Orion Club Gold members high activity,3940107422,Paul-Gerhardt-Allee,München,81245,Bayern,Germany,Europe,48.690833,9.140556,04OCT2014,04OCT2014,220100100265,1,$44.70,$44.90,,120445,1
1237230280,9221,"Apstein, Mr. Nicolas",28MAR1973,Orion Club Gold members,Orion Club Gold members medium activity,3940103336,Theodor-Heuss-Allee,Frankfurt am Main,60486,Hessen,Germany,Europe,48.690833,9.140556,04OCT2014,04OCT2014,240400300009,1,$67.10,$55.60,,120469,1
1237230337,10860,"Trilevitch, Mr. Bernhard",18APR1978,Internet/Catalog Customers,Internet/Catalog Customers,3940103226,Messeturm,Frankfurt am Main,60308,Hessen,Germany,Europe,48.690833,9.140556,04OCT2014,05OCT2014,230100700002,1,$220.00,$270.00,,99999999,3
1237230342,11929,"Niopek, Ms. Edith",26NOV1990,Orion Club members,Orion  Club members medium activity,3940101333,Königswintererstr.,Bonn,53227,Nordrhein-Westfalen,Germany,Europe,48.690833,9.140556,04OCT2014,08OCT2014,230100700004,1,$360.00,$398.00,,99999999,2
1237230346,12703,"Rose, Ms. Elke",07APR1948,Orion Club members,Orion Club members low activity,3940104947,Tannenweg,Hilden,40723,Niedersachsen,Germany,Europe,48.690833,9.140556,04OCT2014,04OCT2014,240100400062,1,$113.20,$108.00,,120439,1
1237230351,12703,"Rose, Ms. Elke",07APR1948,Orion Club members,Orion Club members low activity,3940104947,Tannenweg,Hilden,40723,Niedersachsen,Germany,Europe,48.690833,9.140556,04OCT2014,04OCT2014,240400300035,1,$19.10,$15.40,,120473,1
1237230399,16898,"Bonifer, Mr. Reinhard",06JUN1978,Orion Club members,Orion Club members low activity,3940101620,Johannes-Hess-Str.,Burghausen,84480,Bayern,Germany,Europe,48.690833,9.140556,04OCT2014,04OCT2014,220101400189,1,$4.80,$4.40,,120445,1
1237230409,17081,"Gladis-Dörr, Mr. Ulf",19JUL1958,Orion Club Gold members,Orion Club Gold members medium activity,3940100363,Herforderstr.,Bad Salzuflen,32105,Nordrhein-Westfalen,Germany,Europe,48.690833,9.140556,04OCT2014,04OCT2014,220101200010,1,$72.30,$57.90,,120446,1
1237230420,17642,"Von Briel, Ms. Annabelle",27JUN1958,Orion Club members,Orion  Club members medium activity,3940101854,Schöfferstr.,Darmstadt,64295,Hessen,Germany,Europe,48.690833,9.140556,04OCT2014,04OCT2014,230100100006,1,$176.00,$149.10,,120461,1
1237230424,17951,"Von Borries, Mr. Christian",08MAY1990,Orion Club Gold members,Orion Club Gold members high activity,3940109781,Hecke,Vöhl-Marienhagen,34516,Bremen,Germany,Europe,48.690833,9.140556,04OCT2014,04OCT2014,240500200080,1,$58.20,$48.40,,120481,1
1237230429,19572,"Taubert, Mr. Harald",03OCT1958,Orion Club members,Orion Club members low activity,3940108208,Langestr.,Oldenburg,26122,Niedersachsen,Germany,Europe,48.690833,9.140556,04OCT2014,06OCT2014,230100700011,1,$275.10,$226.90,,99999999,3
1237230429,19572,"Taubert, Mr. Harald",03OCT1958,Orion Club members,Orion Club members low activity,3940108208,Langestr.,Oldenburg,26122,Niedersachsen,Germany,Europe,48.690833,9.140556,04OCT2014,06OCT2014,230100600016,1,$77.00,$77.20,,99999999,3
1237230459,21187,"Schimang, Ms. Kerry-Ann",13JUL1992,Orion Club members,Orion  Club members medium activity,3940103063,Große Gallusstraße,Frankfurt am Main,60015,Hessen,Germany,Europe,48.690833,9.140556,04OCT2014,04OCT2014,220200100099,1,$157.80,$158.00,,120454,1
1237230474,21402,"Hagen, Ms. Ursula",09APR1978,Orion Club Gold members,Orion Club Gold members medium activity,3940104231,Kapstadtring,Hamburg,22297,Hamburg,Germany,Europe,48.690833,9.140556,04OCT2014,10OCT2014,220200300004,1,$52.30,$47.80,,99999999,2
1237230493,23599,"Eberitzsch, Ms. Nesrin",18MAR1968,Orion Club members,Orion  Club members medium activity,3940100901,Rhinstr.,Berlin,10315,Berlin,Germany,Europe,48.690833,9.140556,04OCT2014,04OCT2014,240700400027,1,$70.20,$73.40,,120493,1
1237230540,25404,"Landfermann, Mr. Bodo",06APR1973,Orion Club Gold members,Orion Club Gold members medium activity,3940110096,Calmbacherstr.,Wildbad,75323,Bremen,Germany,Europe,48.690833,9.140556,04OCT2014,04OCT2014,210201000023,1,$108.90,$99.30,,120442,1
1237230572,27306,"Eggeling, Ms. Nicole",18DEC1978,Orion Club members,Orion  Club members medium activity,3940103437,Engesserstr.,Freiburg,79108,Baden-Württemberg,Germany,Europe,48.690833,9.140556,04OCT2014,04OCT2014,240800200042,1,$47.90,$41.80,,120506,1
1237230572,27306,"Eggeling, Ms. Nicole",18DEC1978,Orion Club members,Orion  Club members medium activity,3940103437,Engesserstr.,Freiburg,79108,Baden-Württemberg,Germany,Europe,48.690833,9.140556,04OCT2014,04OCT2014,240800100067,1,$284.40,$242.50,,120506,1
1237230602,28093,"Wurm, Mr. Hartmut",10OCT1978,Internet/Catalog Customers,Internet/Catalog Customers,3940102007,Otto-Hahn-Str.,Dortmund,44227,Nordrhein-Westfalen,Germany,Europe,48.690833,9.140556,04OCT2014,10OCT2014,240400200023,1,$131.70,$110.00,,99999999,2
1237230612,30582,"Triebner, Mr. Jörg",04DEC1963,Orion Club members,Orion  Club members high activity,3940100891,Rabensteinerstr.,Berlin,12689,Berlin,Germany,Europe,48.690833,9.140556,04OCT2014,04OCT2014,230100200029,1,$212.70,$193.60,,120467,1
1237230644,33097,"Stähler, Ms. Kathrin",28MAR1953,Orion Club Gold members,Orion Club Gold members low activity,3940106650,Hans-Sachs-Ring,Mannheim,68199,Baden-Württemberg,Germany,Europe,48.690833,9.140556,04OCT2014,09OCT2014,230100600036,1,$103.20,$100.80,,99999999,2
1237230647,33653,"Koch, Mr. Frauke",25DEC1958,Internet/Catalog Customers,Internet/Catalog Customers,3940105455,Düsternbrooker Weg,Kiel,24105,Schleswig-Holstein,Germany,Europe,48.690833,9.140556,04OCT2014,07OCT2014,230100200004,1,$99.90,$100.10,,99999999,3
1237230651,35337,"Buchholz, Mr. Lutz-Thomas",19JUL1953,Orion Club members,Orion  Club members high activity,3940110176,Aprather Weg,Wuppertal,42096,Nordrhein-Westfalen,Germany,Europe,48.690833,9.140556,04OCT2014,10OCT2014,220200200054,1,$195.70,$195.90,,99999999,3
1237230662,36431,"Greschuchna, Mr. Peter",21OCT1943,Orion Club Gold members,Orion Club Gold members high activity,3940102470,Boßlerweg,Eckwälden/Bad Boll,73087,Berlin,Germany,Europe,48.690833,9.140556,04OCT2014,04OCT2014,220200100212,1,$103.50,$103.70,,120454,1
1237230669,37849,"Hellgurdt, Mr. Hans",07DEC1938,Orion Club Gold members,Orion Club Gold members medium activity,3940102148,Finkenstr.,Duisburg,47057,Nordrhein-Westfalen,Germany,Europe,48.690833,9.140556,04OCT2014,04OCT2014,240100100477,1,$8.50,$6.60,,120438,1
1237230692,38595,"Fobrich, Ms. Ilona A.M.",01NOV1963,Orion Club Gold members,Orion Club Gold members high activity,3940107316,Lenbachplatz,München,80333,Bayern,Germany,Europe,48.690833,9.140556,04OCT2014,04OCT2014,240800200021,1,$95.90,$83.30,,120509,1
1237230708,39633,"Smit, Ms. Marion",13MAY1968,Orion Club Gold members,Orion Club Gold members high activity,3940100868,Otisstr.,Berlin,13507,Berlin,Germany,Europe,48.690833,9.140556,04OCT2014,09OCT2014,230100500094,2,$173.20,$68.20,,99999999,2
1237230708,39633,"Smit, Ms. Marion",13MAY1968,Orion Club Gold members,Orion Club Gold members high activity,3940100868,Otisstr.,Berlin,13507,Berlin,Germany,Europe,48.690833,9.140556,04OCT2014,09OCT2014,230100200017,1,$196.70,$196.90,,99999999,2
1237230825,42938,"Sitzberger, Mr. Friedhelm",05AUG1992,Orion Club members,Orion  Club members medium activity,3940107897,Kabelstr.,Nordenham,26954,Niedersachsen,Germany,Europe,48.690833,9.140556,04OCT2014,04OCT2014,240500200068,1,$118.70,$99.10,,120483,1
1237230849,47740,"Erdmann, Mr. Heinrich",09AUG1938,Orion Club members,Orion Club members low activity,3940101580,Hansastr.,Bremerhaven,27568,Bremen,Germany,Europe,48.690833,9.140556,04OCT2014,04OCT2014,230100500091,1,$191.00,$160.90,,120462,1
1237230849,47740,"Erdmann, Mr. Heinrich",09AUG1938,Orion Club members,Orion Club members low activity,3940101580,Hansastr.,Bremerhaven,27568,Bremen,Germany,Europe,48.690833,9.140556,04OCT2014,04OCT2014,230100400025,1,$17.00,$13.20,,120462,1
1237230875,47989,"Polster, Ms. Edith",20JUL1963,Orion Club members,Orion  Club members medium activity,3940104062,Billstraße,Hamburg,20539,Hamburg,Germany,Europe,48.690833,9.140556,04OCT2014,04OCT2014,220100800040,1,$120.50,$114.70,,120444,1
1237230883,48439,"Graepel, Ms. Jolanta",19FEB1978,Orion Club Gold members,Orion Club Gold members medium activity,3940108938,Waldweg,Schwedeneck,24229,Saarland,Germany,Europe,48.690833,9.140556,04OCT2014,04OCT2014,220100900004,1,$18.20,$17.20,,120446,1
1237230892,48635,"Ewerts, Mr. Hansjörg",13FEB1963,Orion Club members,Orion Club members low activity,3940105340,Weißenburgerstr.,Karlsruhe,76187,Baden-Württemberg,Germany,Europe,48.690833,9.140556,04OCT2014,04OCT2014,240500200093,1,$41.70,$39.50,,120482,1
1237230892,48635,"Ewerts, Mr. Hansjörg",13FEB1963,Orion Club members,Orion Club members low activity,3940105340,Weißenburgerstr.,Karlsruhe,76187,Baden-Württemberg,Germany,Europe,48.690833,9.140556,04OCT2014,04OCT2014,240500200082,1,$39.20,$32.90,,120482,1
1237230903,48745,"Angloher, Ms. Viola",08JUN1963,Orion Club Gold members,Orion Club Gold members high activity,3940100528,Ansbacherstr.,Berlin,10787,Berlin,Germany,Europe,48.690833,9.140556,04OCT2014,05OCT2014,220100500026,1,$63.00,$57.40,,120445,1
1237230906,49483,"Puracker, Ms. Heide-Marie",24FEB1988,Orion Club members,Orion Club members low activity,3940100147,Altenholzerstraße,Altenholz,24161,Berlin,Germany,Europe,48.690833,9.140556,04OCT2014,04OCT2014,230100500087,1,$97.50,$81.10,,120463,1
1237230912,50614,"Löscher, Mr. Hermann",09JUN1983,Orion Club Gold members,Orion Club Gold members high activity,3940101335,Langer Grabenweg,Bonn,53175,Nordrhein-Westfalen,Germany,Europe,48.690833,9.140556,04OCT2014,04OCT2014,210200100013,1,$42.30,$37.70,,120442,1
1237230951,52927,"Waldkirch, Mr. Gunnar",13SEP1938,Orion Club Gold members,Orion Club Gold members high activity,3940103526,Ehlersstr.,Friedrichshafen,88046,Baden-Württemberg,Germany,Europe,48.690833,9.140556,04OCT2014,04OCT2014,230100100057,1,$27.90,$26.90,,120463,1
1237230960,53149,"Eichmann, Mr. Freddy",02JUN1978,Orion Club Gold members,Orion Club Gold members high activity,3940102288,Hansaallee,Düsseldorf,40549,Nordrhein-Westfalen,Germany,Europe,48.690833,9.140556,04OCT2014,09OCT2014,230100600016,1,$77.00,$77.20,,99999999,2
1237230960,53149,"Eichmann, Mr. Freddy",02JUN1978,Orion Club Gold members,Orion Club Gold members high activity,3940102288,Hansaallee,Düsseldorf,40549,Nordrhein-Westfalen,Germany,Europe,48.690833,9.140556,04OCT2014,09OCT2014,230100500091,1,$191.00,$160.90,,99999999,2
1237230990,53306,"Schreml, Ms. Ludmila",25JUN1978,Orion Club Gold members,Orion Club Gold members high activity,3940100218,Hoher Weg,Augsburg,86152,Bayern,Germany,Europe,48.690833,9.140556,04OCT2014,04OCT2014,220100100197,1,$101.30,$101.50,,120444,1
1237231010,55582,"Remesat, Ms. Katja",06JAN1983,Orion Club members,Orion  Club members medium activity,3940107277,Kaulbachstraße,München,80539,Bayern,Germany,Europe,48.690833,9.140556,04OCT2014,04OCT2014,240100100329,1,$40.60,$40.80,,120436,1
1237231016,55940,"Bumiller, Mr. Norbert",09DEC1990,Internet/Catalog Customers,Internet/Catalog Customers,3940104197,Herrengraben,Hamburg,20459,Hamburg,Germany,Europe,48.690833,9.140556,04OCT2014,09OCT2014,230100500012,1,$73.90,$66.50,,99999999,2
1237231051,56513,"Kiesewetter, Ms. Verena",04SEP1938,Orion Club members,Orion Club members low activity,3940100677,Görlitzer Str.,Berlin,10997,Berlin,Germany,Europe,48.690833,9.140556,04OCT2014,04OCT2014,230100700011,1,$275.10,$226.90,,120464,1
1237231051,56513,"Kiesewetter, Ms. Verena",04SEP1938,Orion Club members,Orion Club members low activity,3940100677,Görlitzer Str.,Berlin,10997,Berlin,Germany,Europe,48.690833,9.140556,04OCT2014,04OCT2014,230100600022,1,$84.10,$84.30,,120464,1
1237231051,56513,"Kiesewetter, Ms. Verena",04SEP1938,Orion Club members,Orion Club members low activity,3940100677,Görlitzer Str.,Berlin,10997,Berlin,Germany,Europe,48.690833,9.140556,04OCT2014,04OCT2014,230100100051,2,$369.80,$156.30,,120464,1
1237231066,57214,"Herold, Mr. Ralf P.",01NOV1938,Orion Club members,Orion  Club members medium activity,3940108608,Ringstrasse,Rheda-Wiedenbrueck,33378,Nordrhein-Westfalen,Germany,Europe,48.690833,9.140556,04OCT2014,04OCT2014,240800100045,1,$228.20,$194.10,,120506,1
1237231067,57453,"Navarro Alonso, Ms. Irma",22AUG1973,Orion Club Gold members,Orion Club Gold members medium activity,3940105006,Berlinerstraße,Homburg,66424,Saarland,Germany,Europe,48.690833,9.140556,04OCT2014,10OCT2014,230100600028,1,$96.70,$96.90,,99999999,3
1237231098,58849,"Relk, Ms. Janicke",21JUL1948,Orion Club Gold members,Orion Club Gold members low activity,3940103562,Lindenstr.,Fürstenfeldbruck,82256,Bayern,Germany,Europe,48.690833,9.140556,04OCT2014,08OCT2014,220200100051,1,$121.30,$121.50,,120454,1
1237231106,59146,"Billaniuk, Ms. Katja",07NOV1938,Orion Club members,Orion  Club members high activity,3940103689,Ziegeleistr.,Gersthofen,86368,Bayern,Germany,Europe,48.690833,9.140556,04OCT2014,04OCT2014,240700100011,1,$26.99,$20.46,,120492,1
1237231125,59623,"Polivka, Ms. Karen",01SEP1990,Orion Club members,Orion Club members low activity,3940101301,Heinrich-Konenstr.,Bonn,53227,Nordrhein-Westfalen,Germany,Europe,48.690833,9.140556,04OCT2014,04OCT2014,240800200051,1,$27.60,$26.30,,120506,1
1237231138,60295,"Schleicher, Mr. Cenk",15FEB1973,Orion Club Gold members,Orion Club Gold members high activity,3940107469,Rosenheimerstr.,München,81671,Bayern,Germany,Europe,48.690833,9.140556,04OCT2014,04OCT2014,240200100153,1,$28.00,$25.10,,120450,1
1237231151,61735,"Janssen, Ms. Bärbel",20SEP1973,Internet/Catalog Customers,Internet/Catalog Customers,3940106144,Leinfelderstr.,Leinfelden-Echterdi,70771,Thüringen,Germany,Europe,48.690833,9.140556,04OCT2014,05OCT2014,230100700002,1,$220.00,$270.00,,99999999,2
1237231156,61904,"Berger, Mr. Hans",23NOV1943,Internet/Catalog Customers,Internet/Catalog Customers,3940103343,Ulmenstr.,Frankfurt am Main,60325,Hessen,Germany,Europe,48.690833,9.140556,04OCT2014,08OCT2014,230100600013,1,$71.70,$71.90,,99999999,2
1237231156,61904,"Berger, Mr. Hans",23NOV1943,Internet/Catalog Customers,Internet/Catalog Customers,3940103343,Ulmenstr.,Frankfurt am Main,60325,Hessen,Germany,Europe,48.690833,9.140556,04OCT2014,08OCT2014,230100500034,1,$15.30,$12.30,,99999999,2
1237231162,62237,"Serfort, Mr. Dirk",01FEB1978,Orion Club Gold members,Orion Club Gold members medium activity,3940104548,Hamburger Allee,Hannover,30161,Niedersachsen,Germany,Europe,48.690833,9.140556,04OCT2014,04OCT2014,240100100076,1,$174.60,$166.20,,120438,1
1237231226,65258,"Radic, Mr. Thomas",28MAR1983,Orion Club Gold members,Orion Club Gold members high activity,3940105336,Wachhausstraße,Karlsruhe,76227,Baden-Württemberg,Germany,Europe,48.690833,9.140556,04OCT2014,04OCT2014,240800200058,1,$43.20,$39.00,,120506,1
1237231239,65798,"Radbruch, Mr. Edgar",06FEB1938,Internet/Catalog Customers,Internet/Catalog Customers,3940101891,Van-Melle-Str.,Detmold,32760,Nordrhein-Westfalen,Germany,Europe,48.690833,9.140556,04OCT2014,09OCT2014,230100600018,1,$64.20,$64.40,,99999999,2
1237231242,26506,"Lejbølle, Ms. Bente Kruse",25OCT1953,Orion Club Gold members,Orion Club Gold members medium activity,3150109507,Gefionsvej,Sindal,9870,,Denmark,Europe,48.690833,9.140556,04OCT2014,05OCT2014,240500200048,2,$232.80,$97.20,,99999999,2
1237231242,26506,"Lejbølle, Ms. Bente Kruse",25OCT1953,Orion Club Gold members,Orion Club Gold members medium activity,3150109507,Gefionsvej,Sindal,9870,,Denmark,Europe,48.690833,9.140556,04OCT2014,05OCT2014,240500200128,1,$42.70,$35.60,,99999999,2
1237231254,37941,"Schaldemose, Mr. Svend Hjorth",25JUL1973,Orion Club Gold members,Orion Club Gold members high activity,3150101571,Diesen Alle,Dragør,2791,,Denmark,Europe,48.690833,9.140556,04OCT2014,04OCT2014,240100100600,1,$19.50,$16.70,,120294,1
1237231300,48874,"Faghtmann, Ms. Dorthe Hegnet",23MAR1990,Orion Club Gold members,Orion Club Gold members low activity,3150110347,Einersvej,Stenløse,3660,,Denmark,Europe,48.690833,9.140556,04OCT2014,04OCT2014,240500200148,2,$278.20,$118.40,,120317,1
1237231348,75360,"Crone, Mr. Folmer Vagn",18FEB1990,Orion Club members,Orion  Club members high activity,3150100786,Granvej,Billund,7190,,Denmark,Europe,48.690833,9.140556,04OCT2014,04OCT2014,220100900030,1,$25.00,$20.00,,120297,1
1237231357,78873,"Randa, Mr. Erik Hesselund",26JUN1963,Internet/Catalog Customers,Internet/Catalog Customers,3150104960,Spedalsø,Horsens,8700,,Denmark,Europe,48.690833,9.140556,04OCT2014,06OCT2014,240400200094,1,$254.20,$231.20,,99999999,2
1237231371,80719,"Cholewa, Mr. Walter Martin",23SEP1978,Internet/Catalog Customers,Internet/Catalog Customers,3150112879,Fabriksvej,Ølstykke,3650,,Denmark,Europe,48.690833,9.140556,04OCT2014,09OCT2014,240500100055,1,$96.90,$77.50,,99999999,3
1237231377,81959,"Ingridsdottir, Mr. Johnny Mølskov",01JAN1990,Orion Club Gold members,Orion Club Gold members high activity,3150103095,Almosevej,Glumsø,4171,,Denmark,Europe,48.690833,9.140556,04OCT2014,04OCT2014,240700400002,1,$33.60,$29.30,,120323,1
1237231416,2359,"Campillo, Mr. Ignacio",26MAR1978,Orion Club Gold members,Orion Club Gold members high activity,8300100567,C. Juan Ramón Jiménez,Madrid,28036,"Madrid, Comunidad de",Spain,Europe,48.690833,9.140556,04OCT2014,09OCT2014,210200300114,1,$40.60,$40.80,,99999999,2
1237231416,2359,"Campillo, Mr. Ignacio",26MAR1978,Orion Club Gold members,Orion Club Gold members high activity,8300100567,C. Juan Ramón Jiménez,Madrid,28036,"Madrid, Comunidad de",Spain,Europe,48.690833,9.140556,04OCT2014,09OCT2014,210201000206,1,$41.10,$37.40,,99999999,2
1237231421,4850,"Isem Costa, Mr. Santiago",07FEB1992,Orion Club Gold members,Orion Club Gold members high activity,8300100145,C. Marina,Barcelona,08005,Cataluna,Spain,Europe,48.690833,9.140556,04OCT2014,04OCT2014,240200100207,1,$106.90,$105.70,,120839,1
1237231443,5284,"Marín, Ms. Ana",22APR1983,Orion Club Gold members,Orion Club Gold members medium activity,8300100536,C. Gran Vía,Madrid,28013,"Madrid, Comunidad de",Spain,Europe,48.690833,9.140556,04OCT2014,04OCT2014,240500200005,1,$5.90,$5.50,,120859,1
1237231467,7477,"Echevarri Fernández, Ms. Soledad",13JUN1963,Orion Club members,Orion Club members low activity,8300100349,C. Vicente Aleixandre,Las Rozas,28230,"Madrid, Comunidad de",Spain,Europe,48.690833,9.140556,04OCT2014,04OCT2014,240600100020,1,$35.20,$32.40,,120865,1
1237231474,7501,"Jevenois Acillona, Mr. Juan Ramón",13AUG1968,Orion Club members,Orion  Club members high activity,8300100556,C. Josefa Valcarcel,Madrid,28027,"Madrid, Comunidad de",Spain,Europe,48.690833,9.140556,04OCT2014,04OCT2014,210201000003,1,$36.90,$33.70,,120832,1
1237231507,18233,"Campoy, Mr. Juan José",14JAN1983,Internet/Catalog Customers,Internet/Catalog Customers,8300100762,Pl. De la Lealtad,Madrid,28014,"Madrid, Comunidad de",Spain,Europe,48.690833,9.140556,04OCT2014,05OCT2014,220200300144,1,$83.00,$75.60,,99999999,3
1237231512,18679,"Moreno Cortés, Mr. Ignacio",23JUL1963,Orion Club Gold members,Orion Club Gold members medium activity,8300100617,C. Méndez Álvaro,Madrid,28045,"Madrid, Comunidad de",Spain,Europe,48.690833,9.140556,04OCT2014,04OCT2014,220200100057,1,$125.80,$126.00,,120843,1
1237231521,19581,"Arderius Arderius, Mr. Lalo",04JUL1958,Orion Club Gold members,Orion Club Gold members medium activity,8300100333,C. Rosa de Lima,Las Matas,28290,"Madrid, Comunidad de",Spain,Europe,48.690833,9.140556,04OCT2014,04OCT2014,220200100098,1,$120.70,$133.00,,120845,1
1237231537,22711,"Álvarez Rodríguez, Mr. Manuel",21DEC1988,Orion Club members,Orion  Club members high activity,8300100147,C. Marques de Sentmenat,Barcelona,08029,Cataluna,Spain,Europe,48.690833,9.140556,04OCT2014,04OCT2014,220100100636,1,$13.10,$12.90,,120836,1
1237231590,24343,"Pérez, Ms. Esther",15APR1990,Orion Club members,Orion  Club members high activity,8300100033,C. San Julián,Alcobendas,28108,"Madrid, Comunidad de",Spain,Europe,48.690833,9.140556,04OCT2014,04OCT2014,240600100110,1,$46.00,$39.90,,120864,1
1237231627,27736,"Mateos, Ms. Analía",23DEC1968,Orion Club Gold members,Orion Club Gold members high activity,8300100525,C. General Aranaz,Madrid,28027,"Madrid, Comunidad de",Spain,Europe,48.690833,9.140556,04OCT2014,07OCT2014,240600100080,1,$29.90,$18.10,,99999999,2
1237231711,44654,"Santamaría Molinero, Ms. María Dolores",08SEP1938,Orion Club Gold members,Orion Club Gold members medium activity,8300100939,C. Luis Montoro,Sevilla,41071,Andalucia,Spain,Europe,48.690833,9.140556,04OCT2014,08OCT2014,210201000038,1,$26.70,$23.80,,99999999,2
1237231726,48374,"González Tovar, Ms. Susana",19SEP1958,Orion Club members,Orion Club members low activity,8300100930,Av. De Las Palmeras,Sevilla,41013,Andalucia,Spain,Europe,48.690833,9.140556,04OCT2014,08OCT2014,240600100080,1,$29.90,$18.10,,99999999,2
1237231747,51239,"Zúñiga, Mr. Ignacio",24JAN1958,Internet/Catalog Customers,Internet/Catalog Customers,8300100372,Ca. Betanzos-Meson Do Vento,Mabegondo,15318,Castilla Y Leon,Spain,Europe,48.690833,9.140556,04OCT2014,09OCT2014,220200300096,1,$172.50,$157.00,,99999999,2
1237231756,51569,"Ollé Camprubí, Ms. Dominique",26FEB1988,Orion Club Gold members,Orion Club Gold members low activity,8300100691,C. Serrano Galvache,Madrid,28033,"Madrid, Comunidad de",Spain,Europe,48.690833,9.140556,04OCT2014,04OCT2014,210200300121,2,$144.40,$75.20,,120833,1
1237231756,51569,"Ollé Camprubí, Ms. Dominique",26FEB1988,Orion Club Gold members,Orion Club Gold members low activity,8300100691,C. Serrano Galvache,Madrid,28033,"Madrid, Comunidad de",Spain,Europe,48.690833,9.140556,04OCT2014,04OCT2014,210200100018,1,$40.90,$36.10,,120833,1
1237231777,54451,"Gago Santibáñez, Ms. Yolanda",16JUL1990,Orion Club Gold members,Orion Club Gold members high activity,8300100756,Paseo de la Habana,Madrid,28036,"Madrid, Comunidad de",Spain,Europe,48.690833,9.140556,04OCT2014,04OCT2014,240500200095,2,$58.20,$27.90,,120860,1
1237231777,54451,"Gago Santibáñez, Ms. Yolanda",16JUL1990,Orion Club Gold members,Orion Club Gold members high activity,8300100756,Paseo de la Habana,Madrid,28036,"Madrid, Comunidad de",Spain,Europe,48.690833,9.140556,04OCT2014,04OCT2014,240500200016,1,$31.70,$29.00,,120860,1
1237231839,58519,"Tomico Blanco, Mr. Antonio",13FEB1983,Orion Club Gold members,Orion Club Gold members medium activity,8300100867,Parque Taulí,Sabadell,08208,Cataluna,Spain,Europe,48.690833,9.140556,04OCT2014,05OCT2014,240600100107,1,$26.40,$23.60,,99999999,3
1237231839,58519,"Tomico Blanco, Mr. Antonio",13FEB1983,Orion Club Gold members,Orion Club Gold members medium activity,8300100867,Parque Taulí,Sabadell,08208,Cataluna,Spain,Europe,48.690833,9.140556,04OCT2014,05OCT2014,240600100100,1,$67.10,$50.50,,99999999,3
1237231935,70696,"Rodríguez Portillo, Mr. Antonio",05DEC1968,Orion Club members,Orion  Club members medium activity,8300100335,Av. Juan Xxiii,Las Palmas de Gran,35004,Castilla Y Leon,Spain,Europe,48.690833,9.140556,04OCT2014,10OCT2014,240500100057,1,$38.40,$34.20,,120861,1
1237231935,70696,"Rodríguez Portillo, Mr. Antonio",05DEC1968,Orion Club members,Orion  Club members medium activity,8300100335,Av. Juan Xxiii,Las Palmas de Gran,35004,Castilla Y Leon,Spain,Europe,48.690833,9.140556,04OCT2014,10OCT2014,240500100036,1,$50.50,$44.80,,120861,1
1237231997,73753,"Cruz Mendoza, Mr. Antonio",03JUL1958,Internet/Catalog Customers,Internet/Catalog Customers,8300100004,C. Juan Díaz Porlier,A Coruña,15009,Galicia,Spain,Europe,48.690833,9.140556,04OCT2014,05OCT2014,220100300009,2,$169.60,$67.80,,99999999,3
1237232024,74897,"Barquero Gutiérrez, Mr. José María",16SEP1968,Orion Club Gold members,Orion Club Gold members medium activity,8300100170,C. Sabino de Arana,Barcelona,08028,Cataluna,Spain,Europe,48.690833,9.140556,04OCT2014,04OCT2014,240600100059,1,$3.20,$2.40,,120864,1
1237232024,74897,"Barquero Gutiérrez, Mr. José María",16SEP1968,Orion Club Gold members,Orion Club Gold members medium activity,8300100170,C. Sabino de Arana,Barcelona,08028,Cataluna,Spain,Europe,48.690833,9.140556,04OCT2014,04OCT2014,240600100007,1,$12.30,$10.00,,120864,1
1237232052,75229,"Goossbus, Ms. Marta",14MAY1963,Orion Club Gold members,Orion Club Gold members high activity,8300100552,C. Joaquín Costa,Madrid,28002,"Madrid, Comunidad de",Spain,Europe,48.690833,9.140556,04OCT2014,04OCT2014,210200300017,1,$13.50,$13.60,,120833,1
1237232067,76840,"Gomez, Mr. Tomás",01FEB1963,Orion Club Gold members,Orion Club Gold members low activity,8300100210,Ronda General Mitre,Barcelona,08017,Cataluna,Spain,Europe,48.690833,9.140556,04OCT2014,08OCT2014,240100400053,1,$98.70,$93.80,,120829,1
1237232067,76840,"Gomez, Mr. Tomás",01FEB1963,Orion Club Gold members,Orion Club Gold members low activity,8300100210,Ronda General Mitre,Barcelona,08017,Cataluna,Spain,Europe,48.690833,9.140556,04OCT2014,08OCT2014,240100100142,1,$1.80,$1.50,,120829,1
1237232072,76941,"Rivero Antonio, Mr. Julio",01JUL1992,Orion Club Gold members,Orion Club Gold members low activity,8300100638,C. Pelayo,Madrid,28004,"Madrid, Comunidad de",Spain,Europe,48.690833,9.140556,04OCT2014,04OCT2014,220200100063,1,$66.50,$66.70,,120842,1
1237232078,77720,"Moreno, Mr. Pedro",14JAN1983,Orion Club members,Orion  Club members medium activity,8300100463,C. Caleruega,Madrid,28033,"Madrid, Comunidad de",Spain,Europe,48.690833,9.140556,04OCT2014,04OCT2014,240500200141,1,$101.10,$96.20,,120861,1
1237232093,78599,"Rivero Duque, Ms. Silvia",16MAR1963,Internet/Catalog Customers,Internet/Catalog Customers,8300100077,Av. Diagonal,Barcelona,08029,Cataluna,Spain,Europe,48.690833,9.140556,04OCT2014,10OCT2014,240100400080,1,$222.00,$221.90,,99999999,3
1237232132,78882,"Bernal, Mr. Rafael",07FEB1973,Orion Club Gold members,Orion Club Gold members medium activity,8300100271,Ca. De l'Hospitalet,Cornellà de Llobreg,08940,Cataluna,Spain,Europe,48.690833,9.140556,04OCT2014,04OCT2014,240600100115,1,$47.90,$40.00,,120864,1
1237232144,79881,"Simón de León, Ms. Aurora",05SEP1988,Orion Club members,Orion  Club members medium activity,8300100042,Av. Maisonnave,Alicante,03003,Comunitat Valenciana,Spain,Europe,48.690833,9.140556,04OCT2014,04OCT2014,240100100572,1,$25.80,$22.10,,120830,1
1237232257,84524,"Ybarra, Mr. Ramón",28JAN1973,Orion Club Gold members,Orion Club Gold members medium activity,8300100050,C. Irupago,Areatza,48143,Pais Vasco,Spain,Europe,48.690833,9.140556,04OCT2014,04OCT2014,240500100059,1,$66.60,$57.90,,120860,1
1237232271,84742,"Hierro, Ms. Alejandra",07MAR1990,Orion Club Gold members,Orion Club Gold members high activity,8300100462,C. Bárbara de Braganza,Madrid,28004,"Madrid, Comunidad de",Spain,Europe,48.690833,9.140556,04OCT2014,04OCT2014,240100300006,1,$53.00,$46.90,,120829,1
1237232276,84961,"Garrido Vázquez, Mr. Miguel",01OCT1978,Orion Club Gold members,Orion Club Gold members medium activity,8300100714,C. Velázquez,Madrid,28006,"Madrid, Comunidad de",Spain,Europe,48.690833,9.140556,04OCT2014,04OCT2014,240100100161,1,$127.30,$126.30,,120827,1
1237232289,85138,"Nicolás, Mr. Javier",28NOV1990,Orion Club members,Orion  Club members medium activity,8300100788,Ca. Pozuelo A Majadahonda,Majadahonda,28220,"Madrid, Comunidad de",Spain,Europe,48.690833,9.140556,04OCT2014,04OCT2014,240500200072,1,$47.80,$45.60,,120860,1
1237232299,85481,"Campbell, Ms. Joana",10JUN1953,Orion Club Gold members,Orion Club Gold members medium activity,8300100376,Arturo Soria,Madrid,28043,"Madrid, Comunidad de",Spain,Europe,48.690833,9.140556,04OCT2014,04OCT2014,220200100135,1,$139.40,$150.70,,120843,1
1237232354,88491,"Tresserras, Mr. Diego",18APR1978,Orion Club members,Orion  Club members medium activity,8300100809,Mauricio Moro,Málaga,29006,Andalucia,Spain,Europe,48.690833,9.140556,04OCT2014,04OCT2014,210200900036,1,$30.50,$28.20,,120832,1
1237232369,89425,"Fersen, Mr. Rafael",16JAN1943,Orion Club Gold members,Orion Club Gold members medium activity,8300100600,C. Marqués de Villamejor,Madrid,28006,"Madrid, Comunidad de",Spain,Europe,48.690833,9.140556,04OCT2014,13OCT2014,220200100149,1,$55.80,$56.00,,120843,1
1237232376,89504,"Fernández Fernández, Mr. Luis Miguel",22APR1978,Orion Club members,Orion  Club members high activity,8300100449,C. Arturo Soria,Madrid,28036,"Madrid, Comunidad de",Spain,Europe,48.690833,9.140556,04OCT2014,04OCT2014,240100400126,1,$163.70,$163.60,,120830,1
1237232376,89504,"Fernández Fernández, Mr. Luis Miguel",22APR1978,Orion Club members,Orion  Club members high activity,8300100449,C. Arturo Soria,Madrid,28036,"Madrid, Comunidad de",Spain,Europe,48.690833,9.140556,04OCT2014,04OCT2014,240100200005,1,$34.50,$29.10,,120830,1
1237232435,89917,"Martínez, Mr. Jaime",08MAR1943,Orion Club Gold members,Orion Club Gold members high activity,8300100763,Pl. De la Moncloa,Madrid,28008,"Madrid, Comunidad de",Spain,Europe,48.690833,9.140556,04OCT2014,05OCT2014,220200100093,1,$100.40,$100.60,,120843,1
1237232436,90094,"Boiza López, Mr. José Manuel",23JUL1948,Orion Club Gold members,Orion Club Gold members low activity,8300100627,C. Orense,Madrid,28020,"Madrid, Comunidad de",Spain,Europe,48.690833,9.140556,04OCT2014,04OCT2014,220100100044,1,$102.10,$97.30,,120836,1
1237232437,91895,"Fernández Fernández, Mr. Andrés",01SEP1990,Orion Club Gold members,Orion Club Gold members medium activity,8300100105,C. Berlín,Barcelona,08029,Cataluna,Spain,Europe,48.690833,9.140556,04OCT2014,04OCT2014,220100800012,1,$45.20,$43.00,,120836,1
1237232439,91956,"Hernández, Mr. David",24JUL1973,Internet/Catalog Customers,Internet/Catalog Customers,8300100184,C. Viladomat,Barcelona,08015,Cataluna,Spain,Europe,48.690833,9.140556,04OCT2014,06OCT2014,240100400111,1,$103.30,$98.40,,99999999,2
1237232442,92143,"Costales, Mr. Iñaki",11JAN1948,Orion Club members,Orion  Club members medium activity,8300100594,C. Manuel Tovar,Madrid,28034,"Madrid, Comunidad de",Spain,Europe,48.690833,9.140556,04OCT2014,08OCT2014,240100100648,1,$50.60,$43.10,,99999999,2
1237232442,92143,"Costales, Mr. Iñaki",11JAN1948,Orion Club members,Orion  Club members medium activity,8300100594,C. Manuel Tovar,Madrid,28034,"Madrid, Comunidad de",Spain,Europe,48.690833,9.140556,04OCT2014,08OCT2014,240100100440,1,$144.70,$144.60,,99999999,2
1237232465,94154,"Ginesta Ramos, Ms. María Rosario",08APR1973,Orion Club members,Orion  Club members high activity,8300100469,C. Cardenal Herrera Oria,Madrid,28035,"Madrid, Comunidad de",Spain,Europe,48.690833,9.140556,04OCT2014,04OCT2014,210200900027,1,$27.10,$25.90,,120833,1
1237232478,78354,"Mykkänen, Ms. Tania",19JUN1978,Orion Club Gold members,Orion Club Gold members medium activity,3400100183,Kaupintie,Helsinki,00440,,Finland,Europe,48.690833,9.140556,04OCT2014,09OCT2014,220200100070,1,$72.70,$72.90,,99999999,2
1237232486,948,"Molle, Mr. Alain",23AUG1938,Orion Club Gold members,Orion Club Gold members high activity,3500101239,Chemin du Grand Revoyet,Pierre Benite,69310,Rhone-Alpes,France,Europe,48.690833,9.140556,04OCT2014,04OCT2014,240300100021,1,$21.80,$19.80,,120365,1
1237232495,1213,"Maurin, Mr. Jose",19JUN1992,Orion Club Gold members,Orion Club Gold members low activity,3500101518,Rue Latecoere,Velizy,78941,Ile-de-France,France,Europe,48.690833,9.140556,04OCT2014,04OCT2014,210200100017,1,$39.70,$35.30,,120357,1
1237232505,2473,"Laurent, Ms. Corinne",19OCT1963,Orion Club Gold members,Orion Club Gold members low activity,3500100481,Av G. Boileau,Linas Montlery,91310,Ile-de-France,France,Europe,48.690833,9.140556,04OCT2014,04OCT2014,210201100005,1,$37.40,$32.60,,120357,1
1237232505,2473,"Laurent, Ms. Corinne",19OCT1963,Orion Club Gold members,Orion Club Gold members low activity,3500100481,Av G. Boileau,Linas Montlery,91310,Ile-de-France,France,Europe,48.690833,9.140556,04OCT2014,04OCT2014,210200300056,1,$36.80,$37.00,,120357,1
1237232516,3099,"Guittonneau, Ms. Marie-Christine",07MAY1973,Orion Club Gold members,Orion Club Gold members high activity,3500101182,Av Victoria,Paris Rp,75100,Ile-de-France,France,Europe,48.690833,9.140556,04OCT2014,04OCT2014,220100300039,1,$204.40,$174.30,,120360,1
1237232522,9270,"Hernot, Ms. Nathalie",01AUG1968,Orion Club Gold members,Orion Club Gold members low activity,3500100099,Pl Pey-Berland,Bordeaux,33076,Aquitaine,France,Europe,48.690833,9.140556,04OCT2014,07OCT2014,240100100341,1,$118.70,$94.80,,99999999,2
1237232522,9270,"Hernot, Ms. Nathalie",01AUG1968,Orion Club Gold members,Orion Club Gold members low activity,3500100099,Pl Pey-Berland,Bordeaux,33076,Aquitaine,France,Europe,48.690833,9.140556,04OCT2014,07OCT2014,240100100240,1,$13.30,$10.90,,99999999,2
1237232530,9479,"Leroy, Ms. Lise",24FEB1958,Orion Club Gold members,Orion Club Gold members high activity,3500101138,Rue des Capucines,Paris,75001,Ile-de-France,France,Europe,48.690833,9.140556,04OCT2014,04OCT2014,220101400211,1,$34.90,$31.20,,120359,1
1237232530,9479,"Leroy, Ms. Lise",24FEB1958,Orion Club Gold members,Orion Club Gold members high activity,3500101138,Rue des Capucines,Paris,75001,Ile-de-France,France,Europe,48.690833,9.140556,04OCT2014,04OCT2014,220100700030,1,$153.10,$145.90,,120359,1
1237232535,10227,"Fogelman, Ms. Valerie",05JAN1978,Orion Club Gold members,Orion Club Gold members high activity,3500101157,Rue du Faubourg Saint Denis,Paris,75010,Ile-de-France,France,Europe,48.690833,9.140556,04OCT2014,04OCT2014,240100300005,1,$45.00,$38.40,,120351,1
1237232541,10972,"Vignet, Mr. Jean Francois",25JAN1953,Orion Club Gold members,Orion Club Gold members high activity,3500100411,Service Economique,Le Havre,76083,Haute-Normandie,France,Europe,48.690833,9.140556,04OCT2014,04OCT2014,210200300001,1,$31.40,$31.60,,120357,1
1237232541,10972,"Vignet, Mr. Jean Francois",25JAN1953,Orion Club Gold members,Orion Club Gold members high activity,3500100411,Service Economique,Le Havre,76083,Haute-Normandie,France,Europe,48.690833,9.140556,04OCT2014,04OCT2014,210200600106,2,$103.40,$45.30,,120357,1
1237232563,11353,"Guennoc, Ms. Patricia",26NOV1983,Orion Club members,Orion  Club members high activity,3500100102,Rue Judaique,Bordeaux,33000,Aquitaine,France,Europe,48.690833,9.140556,04OCT2014,04OCT2014,240700400001,2,$133.00,$57.80,,120396,1
1237232574,12339,"Toulemonde, Ms. Daphne",07JAN1963,Orion Club Gold members,Orion Club Gold members high activity,3500100880,Pl du Pantheon,Paris,75231,Ile-de-France,France,Europe,48.690833,9.140556,04OCT2014,04OCT2014,240100300001,1,$36.10,$36.40,,120351,1
1237232583,12485,"Rongione, Ms. Myriam",28DEC1973,Orion Club members,Orion Club members low activity,3500101002,Rue Philibert Delorme,Paris,75840,Ile-de-France,France,Europe,48.690833,9.140556,04OCT2014,04OCT2014,220100100105,1,$117.60,$117.80,,120361,1
1237232595,12949,"Tarhan, Ms. Marie Pierre",05APR1968,Orion Club members,Orion  Club members high activity,3500100837,Bld de Vaugirard,Paris,75017,Ile-de-France,France,Europe,48.690833,9.140556,04OCT2014,08OCT2014,240100100598,1,$77.20,$65.80,,99999999,2
1237232605,17020,"Dibonet, Mr. Frederic",14MAY1963,Orion Club Gold members,Orion Club Gold members high activity,3500100504,Chemin du Verseau,Marcq En Baroeuil,59846,Nord-Pas-de-Calais,France,Europe,48.690833,9.140556,04OCT2014,04OCT2014,220200300071,1,$103.80,$94.50,,120371,1
1237232655,26250,"Batut, Mr. Michel",09SEP1978,Orion Club members,Orion  Club members high activity,3500100124,Quai Alphonse Le Gallo,Boulogne Billancour,92100,Ile-de-France,France,Europe,48.690833,9.140556,04OCT2014,04OCT2014,220200100220,1,$74.50,$72.20,,120368,1
1237232665,29534,"Mannoni, Ms. Priscilla",21NOV1983,Orion Club Gold members,Orion Club Gold members low activity,3500100301,Allee des Soupirs,Evreux,27026,Haute-Normandie,France,Europe,48.690833,9.140556,04OCT2014,04OCT2014,220101000002,1,$17.70,$16.00,,120361,1
1237232665,29534,"Mannoni, Ms. Priscilla",21NOV1983,Orion Club Gold members,Orion Club Gold members low activity,3500100301,Allee des Soupirs,Evreux,27026,Haute-Normandie,France,Europe,48.690833,9.140556,04OCT2014,04OCT2014,220100100296,1,$84.30,$84.50,,120361,1
1237232708,33803,"Gonzalvez, Mr. Olivier",24FEB1958,Orion Club members,Orion Club members low activity,3500100812,Bd Pasteur,Paris,75015,Ile-de-France,France,Europe,48.690833,9.140556,04OCT2014,04OCT2014,220200100077,1,$99.00,$99.20,,120371,1
1237232719,39029,"Garbe, Ms. Mariette",01DEC1958,Orion Club Gold members,Orion Club Gold members medium activity,3500100031,Av Gal Malleret de Joinville,Arcueil,94114,Ile-de-France,France,Europe,48.690833,9.140556,04OCT2014,04OCT2014,210201000023,1,$108.90,$99.30,,120353,1
1237232719,39029,"Garbe, Ms. Mariette",01DEC1958,Orion Club Gold members,Orion Club Gold members medium activity,3500100031,Av Gal Malleret de Joinville,Arcueil,94114,Ile-de-France,France,Europe,48.690833,9.140556,04OCT2014,04OCT2014,210200700016,1,$23.50,$18.40,,120353,1
1237232726,39850,"Perroux, Ms. Suzel",09MAR1990,Orion Club Gold members,Orion Club Gold members high activity,3500101307,Avenue de Bretagne,Rouen,76039,Haute-Normandie,France,Europe,48.690833,9.140556,04OCT2014,09OCT2014,240100100159,1,$31.40,$27.80,,99999999,2
1237232778,43645,"Campion, Mr. Alain",18DEC1948,Orion Club Gold members,Orion Club Gold members high activity,3500100412,Avenue du Gal Leclerc,Le Kremlin Bicetre,94276,Ile-de-France,France,Europe,48.690833,9.140556,04OCT2014,04OCT2014,220100100235,1,$32.60,$32.80,,120361,1
1237232781,47127,"Radal, Ms. Nathalie",10APR1990,Orion Club members,Orion  Club members medium activity,3500100350,Domaine de Grégy Boîte Postale,Grégy-Sur-Yerres,77166,Ile-de-France,France,Europe,48.690833,9.140556,04OCT2014,05OCT2014,240100300006,1,$53.00,$46.90,,120349,1
1237232788,51752,"Granara, Ms. Marina",18AUG1978,Orion Club Gold members,Orion Club Gold members high activity,3500100721,Avenue de la Jeunesse,Orvault,44701,Pays de la Loire,France,Europe,48.690833,9.140556,04OCT2014,04OCT2014,220200100220,1,$74.50,$72.20,,120368,1
1237232817,54057,"Robinet, Mr. Ronan",16NOV1958,Orion Club Gold members,Orion Club Gold members medium activity,3500101064,Rue de Clichy,Paris,75441,Ile-de-France,France,Europe,48.690833,9.140556,04OCT2014,04OCT2014,240100300006,1,$53.00,$46.90,,120351,1
1237232817,54057,"Robinet, Mr. Ronan",16NOV1958,Orion Club Gold members,Orion Club Gold members medium activity,3500101064,Rue de Clichy,Paris,75441,Ile-de-France,France,Europe,48.690833,9.140556,04OCT2014,04OCT2014,240100100003,1,$14.50,$12.30,,120351,1
1237232838,54057,"Robinet, Mr. Ronan",16NOV1958,Orion Club Gold members,Orion Club Gold members medium activity,3500101064,Rue de Clichy,Paris,75441,Ile-de-France,France,Europe,48.690833,9.140556,04OCT2014,04OCT2014,240100100410,1,$22.30,$20.40,,120351,1
1237232851,55100,"Pierlot, Mr. Frank",11DEC1992,Orion Club members,Orion  Club members high activity,3500100391,Rue Pierre Rigaud,Ivry Sur Seine,94856,Ile-de-France,France,Europe,48.690833,9.140556,04OCT2014,04OCT2014,220200300096,1,$172.50,$157.00,,120368,1
1237232883,56970,"Demichel, Mr. Jean",16SEP1968,Orion Club Gold members,Orion Club Gold members medium activity,3500100106,Rue Theodore Blanc,Bordeaux,33049,Aquitaine,France,Europe,48.690833,9.140556,04OCT2014,04OCT2014,220200100240,1,$40.00,$40.20,,120369,1
1237232900,58311,"Dardy, Ms. July",11FEB1958,Orion Club Gold members,Orion Club Gold members high activity,3500100035,Villa Baudran,Arcueil,94742,Ile-de-France,France,Europe,48.690833,9.140556,04OCT2014,09OCT2014,240100200001,1,$16.00,$12.70,,99999999,2
1237232902,58417,"Arnould, Mr. Pascal",14JUN1992,Orion Club Gold members,Orion Club Gold members medium activity,3500100520,Bld Newton,Marne la Vallee,77453,Ile-de-France,France,Europe,48.690833,9.140556,04OCT2014,05OCT2014,210201000167,1,$33.80,$30.80,,99999999,2
1237232908,58902,"Aubry, Ms. Michelle",05APR1988,Orion Club members,Orion  Club members medium activity,3500100390,Rue J-J Rousseau,Ivry Sur Seine,94200,Ile-de-France,France,Europe,48.690833,9.140556,04OCT2014,04OCT2014,220200200043,1,$37.20,$36.90,,120367,1
1237232908,58902,"Aubry, Ms. Michelle",05APR1988,Orion Club members,Orion  Club members medium activity,3500100390,Rue J-J Rousseau,Ivry Sur Seine,94200,Ile-de-France,France,Europe,48.690833,9.140556,04OCT2014,04OCT2014,220200100153,1,$48.20,$48.40,,120367,1
1237232912,59421,"Figuiere, Mr. Bruno",10APR1963,Orion Club Gold members,Orion Club Gold members low activity,3500100779,Avenue Percier,Paris,75008,Ile-de-France,France,Europe,48.690833,9.140556,04OCT2014,04OCT2014,220200100098,1,$120.70,$133.00,,120367,1
1237232926,64034,"Obadia, Mr. Jean-Gabriel",20AUG1992,Orion Club Gold members,Orion Club Gold members high activity,3500100992,Rue Miollis,Paris,75015,Ile-de-France,France,Europe,48.690833,9.140556,04OCT2014,04OCT2014,220100100420,1,$13.10,$13.20,,120361,1
1237232933,65413,"Rambault, Mr. Jean Pierre",03APR1968,Orion Club members,Orion Club members low activity,3500101546,Rue Tremiere,Villeneuve d'Ascq,59652,Nord-Pas-de-Calais,France,Europe,48.690833,9.140556,04OCT2014,04OCT2014,240100300006,1,$53.00,$46.90,,120350,1
1237232948,65467,"Beaujot, Mr. Francis",18FEB1992,Orion Club members,Orion  Club members high activity,3500100261,Ter Rue de Bezons,Courbevoie,92411,Ile-de-France,France,Europe,48.690833,9.140556,04OCT2014,16OCT2014,220200100012,1,$58.70,$56.50,,120369,1
1237232967,70497,"Marguet, Ms. Marie-Laure",20OCT1968,Orion Club members,Orion  Club members high activity,3500100127,Quai de Stalingrad,Boulogne Billancour,92109,Ile-de-France,France,Europe,48.690833,9.140556,04OCT2014,04OCT2014,240100400143,1,$166.60,$166.80,,120349,1
1237232969,71187,"Arroyo, Mr. Christian",13APR1958,Orion Club members,Orion  Club members high activity,3500100840,Bld des Italiens,Paris,75002,Ile-de-France,France,Europe,48.690833,9.140556,04OCT2014,05OCT2014,210200900022,1,$11.40,$10.30,,99999999,3
1237232978,71584,"Nicolas, Ms. Chantal",28JUN1943,Orion Club Gold members,Orion Club Gold members high activity,3500100793,Avenue des Champs Elysees,Paris,75008,Ile-de-France,France,Europe,48.690833,9.140556,04OCT2014,09OCT2014,240100300004,1,$22.90,$18.20,,99999999,2
1237232991,72434,"Faucher, Ms. Huguette",20OCT1968,Orion Club Gold members,Orion Club Gold members medium activity,3500101378,Avenue de Newton,Saint Quentin En Yv,78183,Ile-de-France,France,Europe,48.690833,9.140556,04OCT2014,04OCT2014,210201000045,1,$34.00,$31.00,,120353,1
1237232991,72434,"Faucher, Ms. Huguette",20OCT1968,Orion Club Gold members,Orion Club Gold members medium activity,3500101378,Avenue de Newton,Saint Quentin En Yv,78183,Ile-de-France,France,Europe,48.690833,9.140556,04OCT2014,04OCT2014,210201100001,1,$33.20,$28.90,,120353,1
1237232995,72465,"Demets, Mr. Sylvain",25JAN1983,Orion Club Gold members,Orion Club Gold members high activity,3500100864,Cite Voltaire,Paris,75540,Ile-de-France,France,Europe,48.690833,9.140556,04OCT2014,06OCT2014,240100400089,1,$99.80,$97.40,,99999999,2
1237233000,73075,"Boutitie, Mr. Pierre",03SEP1983,Orion Club Gold members,Orion Club Gold members low activity,3500100814,Bd Richard Lenoir,Paris,75011,Ile-de-France,France,Europe,48.690833,9.140556,04OCT2014,04OCT2014,220100700034,1,$87.90,$83.50,,120361,1
1237233006,73121,"Gorge, Ms. Anne-Yvonne",23JUL1983,Internet/Catalog Customers,Internet/Catalog Customers,3500100264,Avenue des Tropiques,Courtaboeuf,91958,Ile-de-France,France,Europe,48.690833,9.140556,04OCT2014,07OCT2014,210200900025,1,$16.90,$14.80,,99999999,2
1237233006,73121,"Gorge, Ms. Anne-Yvonne",23JUL1983,Internet/Catalog Customers,Internet/Catalog Customers,3500100264,Avenue des Tropiques,Courtaboeuf,91958,Ile-de-France,France,Europe,48.690833,9.140556,04OCT2014,07OCT2014,210200300063,1,$71.70,$71.90,,99999999,2
1237233025,73538,"Rade, Mr. Jean-Loup",18MAR1958,Orion Club members,Orion  Club members high activity,3500100430,Avenue du Quebec,Les Ulis,91951,Ile-de-France,France,Europe,48.690833,9.140556,04OCT2014,07OCT2014,230100600036,1,$103.20,$100.80,,120376,1
1237233025,73538,"Rade, Mr. Jean-Loup",18MAR1958,Orion Club members,Orion  Club members high activity,3500100430,Avenue du Quebec,Les Ulis,91951,Ile-de-France,France,Europe,48.690833,9.140556,04OCT2014,07OCT2014,230100100053,2,$92.60,$41.80,,120376,1
1237233059,74148,"Moussy, Ms. Isabelle",06JUL1992,Orion Club Gold members,Orion Club Gold members high activity,3500100561,Rue Lujerneta,Monaco,98000,Provence-Alpes-Cote d'Azur,France,Europe,48.690833,9.140556,04OCT2014,04OCT2014,240600100013,1,$3.40,$2.50,,120393,1
1237233064,75910,"Massiaux, Ms. Agnes",09MAY1978,Internet/Catalog Customers,Internet/Catalog Customers,3500101236,Avenue Leonard de Vinci,Pessac,33608,Aquitaine,France,Europe,48.690833,9.140556,04OCT2014,06OCT2014,240100100159,1,$31.40,$27.80,,99999999,2
1237233067,76088,"Delcamp, Mr. Jacques",14JUN1983,Orion Club members,Orion  Club members high activity,3500100237,Route de Choisy Au Bac,Compiegne,60205,Picardie,France,Europe,48.690833,9.140556,04OCT2014,09OCT2014,240100200008,1,$32.40,$26.80,,99999999,2
1237233097,77689,"Ducastaing, Mr. Dominique",28JUN1983,Internet/Catalog Customers,Internet/Catalog Customers,3500100391,Rue Pierre Rigaud,Ivry Sur Seine,94856,Ile-de-France,France,Europe,48.690833,9.140556,04OCT2014,06OCT2014,240100400025,1,$17.60,$16.20,,99999999,3
1237233151,81616,"Leblache, Mr. Richard",25FEB1978,Internet/Catalog Customers,Internet/Catalog Customers,3500100919,Rue Cambaceres,Paris,75008,Ile-de-France,France,Europe,48.690833,9.140556,04OCT2014,08OCT2014,240100400008,1,$103.50,$103.40,,99999999,3
1237233214,86820,"Zahri, Mr. Eric",16FEB1938,Orion Club Gold members,Orion Club Gold members medium activity,3500101373,Rue du Val d'Osne,Saint Maurice,94410,Ile-de-France,France,Europe,48.690833,9.140556,04OCT2014,06OCT2014,240100100068,1,$165.90,$149.30,,99999999,2
1237233225,88376,"Gaillot, Ms. Nadia",22NOV1988,Orion Club Gold members,Orion Club Gold members low activity,3500100663,Rue du Port Boyer,Nantes,44326,Pays de la Loire,France,Europe,48.690833,9.140556,04OCT2014,04OCT2014,240600100087,1,$39.40,$35.10,,120389,1
1237233350,76,"Fani-Kayode, Ms. Marcelle",23OCT1990,Orion Club Gold members,Orion Club Gold members medium activity,9250100780,Star Barn Road,Bristol,BS36 1NT,"Bristol, City of",United Kingdom,Europe,48.690833,9.140556,04OCT2014,04OCT2014,230100400016,1,$23.70,$18.80,,120945,1
1237233364,1295,"Scholey, Mr. Bruce",10DEC1978,Orion Club members,Orion  Club members medium activity,9250101854,Bothwell Street,Glasgow,G2 7HX,Glasgow City,United Kingdom,Europe,48.690833,9.140556,04OCT2014,04OCT2014,220200300040,1,$110.70,$98.70,,120931,1
1237233364,1295,"Scholey, Mr. Bruce",10DEC1978,Orion Club members,Orion  Club members medium activity,9250101854,Bothwell Street,Glasgow,G2 7HX,Glasgow City,United Kingdom,Europe,48.690833,9.140556,04OCT2014,04OCT2014,220200300082,1,$71.00,$64.60,,120931,1
1237233389,2749,"Rose, Mr. Peter",25AUG1978,Orion Club Gold members,Orion Club Gold members low activity,9250103487,Cursitor St,London,EC4A 1LL,City of London,United Kingdom,Europe,48.690833,9.140556,04OCT2014,04OCT2014,220200100201,1,$107.40,$107.60,,120935,1
1237233399,3944,"Raoufi, Mr. Steve",18APR1992,Orion Club Gold members,Orion Club Gold members low activity,9250102116,Mount Mews,Hampton,TW12 2SH,Richmond upon Thames,United Kingdom,Europe,48.690833,9.140556,04OCT2014,04OCT2014,240100200008,1,$32.40,$26.80,,120906,1
1237233414,8003,"Park, Mr. Graham",07JUL1938,Orion Club members,Orion  Club members medium activity,9250103591,East Road,London,N1 6AJ,City of London,United Kingdom,Europe,48.690833,9.140556,04OCT2014,04OCT2014,240100100108,1,$12.10,$10.40,,120906,1
1237233433,10024,"Shephard, Mr. Simon",14APR1990,Orion Club members,Orion  Club members medium activity,9250104180,High Holborn,London,WC1V 7DA,City of London,United Kingdom,Europe,48.690833,9.140556,04OCT2014,09OCT2014,220101400369,1,$58.40,$54.30,,99999999,2
1237233435,10703,"Hilliard, Ms. Gwen",20OCT1948,Orion Club Gold members,Orion Club Gold members high activity,9250105463,Stephen Mews,London,W1T 1AG,City of London,United Kingdom,Europe,48.690833,9.140556,04OCT2014,04OCT2014,230100100006,1,$176.00,$149.10,,120939,1
1237233439,11117,"Carter, Ms. Eve",18MAY1968,Orion Club members,Orion  Club members high activity,9250107141,Stanier Rd,New Romney,TN28 9RF,Kent,United Kingdom,Europe,48.690833,9.140556,04OCT2014,04OCT2014,240500200142,1,$8.70,$8.20,,120953,1
1237233439,11117,"Carter, Ms. Eve",18MAY1968,Orion Club members,Orion  Club members high activity,9250107141,Stanier Rd,New Romney,TN28 9RF,Kent,United Kingdom,Europe,48.690833,9.140556,04OCT2014,04OCT2014,240500200099,1,$52.10,$47.50,,120953,1
1237233439,11117,"Carter, Ms. Eve",18MAY1968,Orion Club members,Orion  Club members high activity,9250107141,Stanier Rd,New Romney,TN28 9RF,Kent,United Kingdom,Europe,48.690833,9.140556,04OCT2014,04OCT2014,240500200091,1,$10.90,$10.40,,120953,1
1237233442,11192,"Doris, Mr. Adam",02SEP1948,Orion Club Gold members,Orion Club Gold members high activity,9250103012,Bevismarks,London,EC3A 7JQ,City of London,United Kingdom,Europe,48.690833,9.140556,04OCT2014,04OCT2014,240100100286,1,$49.80,$47.30,,120905,1
1237233453,12816,"Metcalfe, Mr. Ken",08OCT1992,Orion Club Gold members,Orion Club Gold members high activity,9250101510,Fettes Row,London,E3 6UY,City of London,United Kingdom,Europe,48.690833,9.140556,04OCT2014,04OCT2014,220101400098,1,$32.70,$29.90,,120915,1
1237233453,12816,"Metcalfe, Mr. Ken",08OCT1992,Orion Club Gold members,Orion Club Gold members high activity,9250101510,Fettes Row,London,E3 6UY,City of London,United Kingdom,Europe,48.690833,9.140556,04OCT2014,04OCT2014,220100500018,1,$65.80,$60.00,,120915,1
1237233459,13423,"Barnet, Ms. Maya",12MAR1958,Orion Club Gold members,Orion Club Gold members medium activity,9250107740,Bourne Court,Woodford Green,IG8 8HD,Essex,United Kingdom,Europe,48.690833,9.140556,04OCT2014,05OCT2014,220100100186,1,$75.50,$75.70,,99999999,3
1237233466,13705,"Byde, Ms. Zena",24JUL1963,Orion Club Gold members,Orion Club Gold members high activity,9250107022,Homer Rd,Solihull,B91 3LT,Solihull,United Kingdom,Europe,48.690833,9.140556,04OCT2014,04OCT2014,230100600036,1,$103.20,$100.80,,120944,1
1237233494,14294,"Sivak, Mr. Alistair",26APR1963,Orion Club Gold members,Orion Club Gold members high activity,9250103883,Glouster Place,London,W1U 6HP,City of London,United Kingdom,Europe,48.690833,9.140556,04OCT2014,12OCT2014,220101400233,1,$61.90,$56.30,,120917,1
1237233504,15338,"Askew, Ms. Sandra",09MAY1983,Orion Club Gold members,Orion Club Gold members medium activity,9250100954,Techno Park,Cambridge,CB5 8PB,Cambridgeshire,United Kingdom,Europe,48.690833,9.140556,04OCT2014,05OCT2014,220100100023,2,$110.40,$55.40,,99999999,2
1237233505,16527,"Ainsworth, Ms. Annabelle",13SEP1958,Orion Club members,Orion  Club members medium activity,9250100664,Thameside Centre,Hounslow,TW4 0HF,Hounslow,United Kingdom,Europe,48.690833,9.140556,04OCT2014,04OCT2014,220100100515,1,$35.50,$35.70,,120918,1
1237233518,16919,"Hollands, Ms. Katja",10APR1983,Orion Club Gold members,Orion Club Gold members high activity,9250101142,Station Road,Colchester,CO7 9DH,Essex,United Kingdom,Europe,48.690833,9.140556,04OCT2014,04OCT2014,220200200027,1,$98.80,$85.90,,120932,1
1237233526,17521,"Acott, Ms. Mika",06DEC1983,Orion Club Gold members,Orion Club Gold members medium activity,9250100015,Corn Street,Witney,OX28 6DB,Oxfordshire,United Kingdom,Europe,48.690833,9.140556,04OCT2014,04OCT2014,220100100533,1,$54.40,$54.60,,120917,1
1237233531,20721,"Bland, Mr. David",15JUN1992,Orion Club Gold members,Orion Club Gold members high activity,9250104070,Guilford Street,London,WC1N 1DZ,City of London,United Kingdom,Europe,48.690833,9.140556,04OCT2014,04OCT2014,220200300101,1,$131.70,$117.20,,120933,1
1237233536,21764,"Baker, Mr. Martin",14JAN1953,Orion Club members,Orion  Club members high activity,9250104988,Paul Street,London,EC2A 4NG,City of London,United Kingdom,Europe,48.690833,9.140556,04OCT2014,09OCT2014,220101400282,1,$39.10,$35.60,,99999999,2
1237233536,21764,"Baker, Mr. Martin",14JAN1953,Orion Club members,Orion  Club members high activity,9250104988,Paul Street,London,EC2A 4NG,City of London,United Kingdom,Europe,48.690833,9.140556,04OCT2014,09OCT2014,220100100197,1,$101.30,$101.50,,99999999,2
1237233549,21776,"Masry, Ms. Kirsty",08DEC1958,Orion Club members,Orion  Club members high activity,9250104927,Oxford Street,London,W1R 1FG,City of London,United Kingdom,Europe,48.690833,9.140556,04OCT2014,04OCT2014,240500200116,1,$55.10,$45.70,,120953,1
1237233587,22900,"Weston, Ms. Pam",03NOV1973,Orion Club Gold members,Orion Club Gold members high activity,9250103058,Blackfriars Road,London,SE1 8NW,City of London,United Kingdom,Europe,48.690833,9.140556,04OCT2014,04OCT2014,240100100598,1,$77.20,$65.80,,120906,1
1237233624,26940,"Whittsq, Mr. John",27SEP1978,Orion Club Gold members,Orion Club Gold members high activity,9250101409,Park View,Eastbourne,BN23 6PQ,East Sussex,United Kingdom,Europe,48.690833,9.140556,04OCT2014,04OCT2014,210201000161,1,$5.20,$0.40,,120912,1
1237233627,27881,"Hitchman, Mr. John",23SEP1948,Orion Club members,Orion Club members low activity,9250106758,Paradise Rd,Richmond,TW9 1SE,Surrey,United Kingdom,Europe,48.690833,9.140556,04OCT2014,04OCT2014,240200100153,1,$28.00,$25.10,,120926,1
1237233706,28984,"Dunn, Ms. Glen",22NOV1978,Orion Club Gold members,Orion Club Gold members high activity,9250102659,High Road,Leighton Buzzard,LU7 0BT,Central Bedfordshire,United Kingdom,Europe,48.690833,9.140556,04OCT2014,04OCT2014,240700200018,1,$18.70,$20.40,,120968,1
1237233714,29259,"Norad, Mr. Jaipaul",07DEC1990,Orion Club Gold members,Orion Club Gold members high activity,9250106448,Botley Road,Oxford,OX2 0HP,Oxfordshire,United Kingdom,Europe,48.690833,9.140556,04OCT2014,04OCT2014,240400200012,1,$172.30,$149.00,,120951,1
1237233714,29259,"Norad, Mr. Jaipaul",07DEC1990,Orion Club Gold members,Orion Club Gold members high activity,9250106448,Botley Road,Oxford,OX2 0HP,Oxfordshire,United Kingdom,Europe,48.690833,9.140556,04OCT2014,04OCT2014,240400200027,1,$218.70,$182.30,,120951,1
1237233727,29405,"Warren-Smit, Ms. Deevya",27JAN1978,Orion Club members,Orion  Club members high activity,9250106377,Faraday Building,Nottingham,NG7 2QP,Nottinghamshire,United Kingdom,Europe,48.690833,9.140556,04OCT2014,04OCT2014,220200100229,1,$165.50,$165.70,,120933,1
1237233770,32068,"Johncox, Ms. Roma",19APR1988,Orion Club Gold members,Orion Club Gold members high activity,9250107668,William Street,Windsor,SL4 1BA,Windsor and Maidenhead,United Kingdom,Europe,48.690833,9.140556,04OCT2014,04OCT2014,220200300095,1,$117.00,$106.60,,120932,1
1237233770,32068,"Johncox, Ms. Roma",19APR1988,Orion Club Gold members,Orion Club Gold members high activity,9250107668,William Street,Windsor,SL4 1BA,Windsor and Maidenhead,United Kingdom,Europe,48.690833,9.140556,04OCT2014,04OCT2014,220200100035,1,$62.60,$62.80,,120932,1
1237233779,33274,"Bodsworth, Ms. Sara",03FEB1938,Orion Club members,Orion  Club members medium activity,9250105896,York Road,London,SE1 7NQ,City of London,United Kingdom,Europe,48.690833,9.140556,04OCT2014,07OCT2014,220100300024,1,$52.50,$48.70,,99999999,2
1237233798,33956,"O'Hare, Mr. Lars",01JUL1992,Orion Club members,Orion Club members low activity,9250100406,Albert Street,Birmingham,B4 7UD,Birmingham,United Kingdom,Europe,48.690833,9.140556,04OCT2014,04OCT2014,220200100046,1,$115.80,$116.00,,120934,1
1237233812,34931,"Little, Mr. David",22MAR1992,Orion Club Gold members,Orion Club Gold members medium activity,9250100078,Carden Place,Aberdeen,AB1 1UP,Aberdeen City,United Kingdom,Europe,48.690833,9.140556,04OCT2014,04OCT2014,220100300018,1,$25.60,$24.20,,120915,1
1237233843,36560,"Whetton, Mr. Mark",15AUG1948,Orion Club members,Orion Club members low activity,9250103732,Finsbury Avenue,London,EC2M 2PA,City of London,United Kingdom,Europe,48.690833,9.140556,04OCT2014,04OCT2014,210200900025,2,$33.80,$14.80,,120911,1
1237233873,41361,"Druett, Ms. Coralie",24OCT1988,Orion Club members,Orion Club members low activity,9250104598,Margaret Street,London,W1N 7LB,City of London,United Kingdom,Europe,48.690833,9.140556,04OCT2014,04OCT2014,240100100332,1,$32.80,$28.00,,120903,1
1237233883,43348,"Leach, Mr. Simon",27JUN1953,Orion Club members,Orion  Club members high activity,9250102790,Ackmar Road,London,SW6 4UR,City of London,United Kingdom,Europe,48.690833,9.140556,04OCT2014,04OCT2014,220200200037,1,$70.10,$63.80,,120931,1
1237233885,43643,"Miller, Mr. Pat",22JAN1953,Orion Club members,Orion  Club members high activity,9250102419,Betts Avenue,Ipswich,IP5 7RH,Suffolk,United Kingdom,Europe,48.690833,9.140556,04OCT2014,04OCT2014,240100200005,1,$34.50,$29.10,,120904,1
1237233890,44689,"Chruscikowski, Mr. Rob",25SEP1958,Orion Club Gold members,Orion Club Gold members low activity,9250102064,Cleethorpe Road,Grimsby,DN31 3LY,North East Lincolnshire,United Kingdom,Europe,48.690833,9.140556,04OCT2014,04OCT2014,240200100180,1,$121.60,$125.80,,120926,1
1237233926,46319,"Tirone, Mr. Lawrence",09JAN1938,Orion Club Gold members,Orion Club Gold members low activity,9250106443,Banbury Road,Oxford,OX2 7DZ,Oxfordshire,United Kingdom,Europe,48.690833,9.140556,04OCT2014,04OCT2014,240100200001,1,$16.00,$12.70,,120905,1
1237233926,46319,"Tirone, Mr. Lawrence",09JAN1938,Orion Club Gold members,Orion Club Gold members low activity,9250106443,Banbury Road,Oxford,OX2 7DZ,Oxfordshire,United Kingdom,Europe,48.690833,9.140556,04OCT2014,04OCT2014,240100100529,1,$61.10,$53.90,,120905,1
1237233936,46787,"Peete, Mr. Steve",28APR1990,Orion Club members,Orion  Club members high activity,9250102114,High St,Hampton,TW12 1LZ,Richmond upon Thames,United Kingdom,Europe,48.690833,9.140556,04OCT2014,04OCT2014,220100700016,1,$96.40,$87.90,,120917,1
1237233936,46787,"Peete, Mr. Steve",28APR1990,Orion Club members,Orion  Club members high activity,9250102114,High St,Hampton,TW12 1LZ,Richmond upon Thames,United Kingdom,Europe,48.690833,9.140556,04OCT2014,04OCT2014,220100300004,1,$51.40,$41.20,,120917,1
1237233936,46787,"Peete, Mr. Steve",28APR1990,Orion Club members,Orion  Club members high activity,9250102114,High St,Hampton,TW12 1LZ,Richmond upon Thames,United Kingdom,Europe,48.690833,9.140556,04OCT2014,04OCT2014,220100100302,1,$59.50,$59.70,,120917,1
1237233944,47341,"Benefer, Ms. Natalie",22MAY1983,Orion Club Gold members,Orion Club Gold members high activity,9250105947,Capability Green,Luton,LU1 3LU,Central Bedfordshire,United Kingdom,Europe,48.690833,9.140556,04OCT2014,04OCT2014,210200400046,1,$36.20,$36.40,,120911,1
1237233955,47497,"Dubow, Mr. Steve",26MAY1958,Orion Club Gold members,Orion Club Gold members high activity,9250102978,Berkeley Square,London,W1J 5QB,City of London,United Kingdom,Europe,48.690833,9.140556,04OCT2014,04OCT2014,230100300020,1,$42.70,$35.80,,120940,1
1237233973,51806,"Chatrik, Ms. Laurence J",21OCT1988,Orion Club members,Orion  Club members medium activity,9250102497,St James Street,Kingston Upon Thame,KT1 2BA,Surrey,United Kingdom,Europe,48.690833,9.140556,04OCT2014,04OCT2014,240100100433,1,$3.00,$2.30,,120905,1
1237233973,51806,"Chatrik, Ms. Laurence J",21OCT1988,Orion Club members,Orion  Club members medium activity,9250102497,St James Street,Kingston Upon Thame,KT1 2BA,Surrey,United Kingdom,Europe,48.690833,9.140556,04OCT2014,04OCT2014,240100200014,1,$55.40,$45.60,,120905,1
1237233979,52544,"Giles, Mr. David",03SEP1983,Orion Club members,Orion  Club members high activity,9250104991,Paul Street,London,EC2A 4UJ,City of London,United Kingdom,Europe,48.690833,9.140556,04OCT2014,04OCT2014,220200300133,2,$57.20,$26.30,,120933,1
1237233979,52544,"Giles, Mr. David",03SEP1983,Orion Club members,Orion  Club members high activity,9250104991,Paul Street,London,EC2A 4UJ,City of London,United Kingdom,Europe,48.690833,9.140556,04OCT2014,04OCT2014,220200300098,1,$133.30,$121.30,,120933,1
1237233983,53328,"Lovely, Mr. Frederic",02AUG1943,Orion Club Gold members,Orion Club Gold members high activity,9250105150,Regent Street,London,W1X 1DE,City of London,United Kingdom,Europe,48.690833,9.140556,04OCT2014,04OCT2014,240400300035,1,$19.10,$15.40,,120949,1
1237233987,53846,"Tideswell, Ms. Maria",26OCT1973,Orion Club members,Orion Club members low activity,9250101191,Brighton Road,Crawley,RH10 6AA,West Sussex,United Kingdom,Europe,48.690833,9.140556,04OCT2014,04OCT2014,220200300161,1,$22.60,$19.30,,120933,1
1237233987,53846,"Tideswell, Ms. Maria",26OCT1973,Orion Club members,Orion Club members low activity,9250101191,Brighton Road,Crawley,RH10 6AA,West Sussex,United Kingdom,Europe,48.690833,9.140556,04OCT2014,04OCT2014,220200300032,1,$74.30,$67.70,,120933,1
1237233987,53846,"Tideswell, Ms. Maria",26OCT1973,Orion Club members,Orion Club members low activity,9250101191,Brighton Road,Crawley,RH10 6AA,West Sussex,United Kingdom,Europe,48.690833,9.140556,04OCT2014,04OCT2014,220200100063,1,$66.50,$66.70,,120933,1
1237233998,55688,"Livesey, Mr. Andrew Christopher",03MAY1988,Orion Club Gold members,Orion Club Gold members high activity,9250104698,Minster Court,London,EC3R 7DB,City of London,United Kingdom,Europe,48.690833,9.140556,04OCT2014,17OCT2014,230100100052,1,$185.10,$155.40,,120944,1
1237234058,62732,"Sensier, Mr. Mike",27DEC1938,Orion Club Gold members,Orion Club Gold members medium activity,9250104736,Moorgate,London,EC2R 6PA,City of London,United Kingdom,Europe,48.690833,9.140556,04OCT2014,08OCT2014,220101000004,1,$50.50,$42.90,,99999999,2
1237234070,63097,"Curry, Mr. Gavin",10NOV1983,Orion Club Gold members,Orion Club Gold members high activity,9250106365,Thorpe Road,Norwich,NR1 1UA,Norfolk,United Kingdom,Europe,48.690833,9.140556,04OCT2014,04OCT2014,220200300155,1,$74.90,$69.80,,120932,1
1237234078,63511,"Barrable, Mr. Eithen",21FEB1973,Orion Club Gold members,Orion Club Gold members low activity,9250101162,Ashcroft Rise,Coulsdon,CR5 2SS,Surrey,United Kingdom,Europe,48.690833,9.140556,04OCT2014,04OCT2014,210200600022,1,$94.20,$86.00,,120910,1
1237234099,65206,"Pearshaw, Mr. Richard",03APR1968,Orion Club Gold members,Orion Club Gold members high activity,9250101205,Pelham Court,Crawley,RH11 9SH,West Sussex,United Kingdom,Europe,48.690833,9.140556,04OCT2014,04OCT2014,240100100695,1,$77.70,$66.20,,120901,1
1237234104,27251,"Gabor, Ms. Peter",26JAN1943,Orion Club Gold members,Orion Club Gold members high activity,4450100005,Maros U.,Budapest,1122,,Hungary,Europe,48.690833,9.140556,04OCT2014,06OCT2014,220100100292,1,$42.50,$42.70,,99999999,2
1237234110,1877,"Cagol, Mr. Alfiero",07OCT1990,Orion Club members,Orion Club members low activity,4800104337,Via Manara,San Benedetto Del T,63039,Marche,Italy,Europe,48.690833,9.140556,04OCT2014,09OCT2014,240300300052,1,$149.80,$130.30,,99999999,2
1237234145,6162,"Uva, Ms. Alessia",16JAN1992,Orion Club Gold members,Orion Club Gold members medium activity,4800101494,Via Vittorio Veneto,Imola,40026,Emilia-Romagna,Italy,Europe,48.690833,9.140556,04OCT2014,04OCT2014,230100600022,1,$84.10,$84.30,,120626,1
1237234145,6162,"Uva, Ms. Alessia",16JAN1992,Orion Club Gold members,Orion Club Gold members medium activity,4800101494,Via Vittorio Veneto,Imola,40026,Emilia-Romagna,Italy,Europe,48.690833,9.140556,04OCT2014,04OCT2014,230100500080,1,$25.00,$24.40,,120626,1
1237234175,10743,"Toletti, Mr. Biancamaria",23APR1992,Orion Club Gold members,Orion Club Gold members high activity,4800101810,Corso Monforte,Milano,20122,Lombardia,Italy,Europe,48.690833,9.140556,04OCT2014,04OCT2014,220200200043,1,$37.20,$36.90,,120617,1
1237234195,13041,"Lorito, Ms. Maria Angela",11JUN1990,Orion Club members,Orion  Club members high activity,4800103078,Via E. Ravasco,Pescara,65100,Abruzzo,Italy,Europe,48.690833,9.140556,04OCT2014,04OCT2014,210200900033,1,$14.20,$12.90,,120600,1
1237234233,14531,"Foscoliano, Mr. Stefano",13OCT1973,Orion Club members,Orion  Club members medium activity,4800101962,Via B. Di Savoia,Milano,20138,Lombardia,Italy,Europe,48.690833,9.140556,04OCT2014,07OCT2014,240700400036,1,$6.20,$5.50,,120640,1
1237234243,14541,"Maggiore, Ms. Stefania",20SEP1992,Orion Club Gold members,Orion Club Gold members high activity,4800105159,Piazza San Nicolo',Verona,37121,Veneto,Italy,Europe,48.690833,9.140556,04OCT2014,05OCT2014,230100300018,1,$71.10,$58.50,,120626,1
1237234248,17583,"Caressa, Mr. Francesco",03JUN1990,Orion Club Gold members,Orion Club Gold members low activity,4800100123,Via Romana,Arcore,20043,Lombardia,Italy,Europe,48.690833,9.140556,04OCT2014,04OCT2014,230100500013,1,$9.40,$9.50,,120626,1
1237234260,19259,"Ansini, Ms. Carmela",02MAR1992,Orion Club members,Orion  Club members medium activity,4800101853,Piazza Cavour,Milano,20121,Lombardia,Italy,Europe,48.690833,9.140556,04OCT2014,04OCT2014,220101400328,1,$19.00,$17.70,,120603,1
1237234260,19259,"Ansini, Ms. Carmela",02MAR1992,Orion Club members,Orion  Club members medium activity,4800101853,Piazza Cavour,Milano,20121,Lombardia,Italy,Europe,48.690833,9.140556,04OCT2014,04OCT2014,220100100633,1,$47.90,$48.10,,120603,1
1237234311,28356,"Tosato, Ms. Patrizia",21SEP1992,Orion Club members,Orion  Club members high activity,4800102244,Via Milanese,Milano,20156,Lombardia,Italy,Europe,48.690833,9.140556,04OCT2014,04OCT2014,220100500018,1,$65.80,$60.00,,120605,1
1237234321,29064,"Vagliera, Ms. Maria Anna",06JUL1943,Orion Club members,Orion  Club members high activity,4800103521,Piazza Della Liberta',Roma,00192,Lazio,Italy,Europe,48.690833,9.140556,04OCT2014,04OCT2014,240200200080,1,$93.80,$18.80,,120606,1
1237234328,34283,"Bordone, Ms. Danila",02APR1983,Orion Club Gold members,Orion Club Gold members medium activity,4800102272,Via Olgettina,Milano,20132,Lombardia,Italy,Europe,48.690833,9.140556,04OCT2014,04OCT2014,220101400298,1,$33.20,$30.40,,120602,1
1237234328,34283,"Bordone, Ms. Danila",02APR1983,Orion Club Gold members,Orion Club Gold members medium activity,4800102272,Via Olgettina,Milano,20132,Lombardia,Italy,Europe,48.690833,9.140556,04OCT2014,04OCT2014,220101400273,1,$47.00,$42.90,,120602,1
1237234349,36537,"Pezzetti, Mr. Jacques",09NOV1983,Orion Club members,Orion  Club members medium activity,4800100627,Piaggia Dell'Universita',Camerino,62032,Marche,Italy,Europe,48.690833,9.140556,04OCT2014,04OCT2014,220101400132,1,$56.80,$51.80,,120605,1
1237234352,39027,"Detti, Mr. Luciano",13SEP1990,Orion Club members,Orion  Club members medium activity,4800104111,Via Umberto Quintavalle,Roma,00173,Lazio,Italy,Europe,48.690833,9.140556,04OCT2014,04OCT2014,240500200074,1,$23.00,$19.10,,120633,1
1237234374,42194,"Cagnani, Ms. Anna Flavia",16FEB1953,Orion Club Gold members,Orion Club Gold members medium activity,4800103381,Viale Trento E Trieste,Reggio Emilia,42100,Emilia-Romagna,Italy,Europe,48.690833,9.140556,04OCT2014,05OCT2014,240300300069,2,"$1,048.80",$477.70,,99999999,2
1237234398,46394,"Bertazzoni, Ms. Gea",06JAN1943,Orion Club Gold members,Orion Club Gold members low activity,4800100910,Via Gorki,Cinisello Balsamo,20092,Lombardia,Italy,Europe,48.690833,9.140556,04OCT2014,04OCT2014,240100400021,1,$91.60,$91.50,,120593,1
1237234408,47483,"Massolo, Mr. Antonio",27SEP1990,Orion Club members,Orion Club members low activity,4800102448,Via Washington,Milano,20146,Lombardia,Italy,Europe,48.690833,9.140556,04OCT2014,04OCT2014,240800200009,1,$87.20,$69.80,,120650,1
1237234420,52089,"Bacenetti, Ms. Angela Grazia",04MAR1978,Orion Club Gold members,Orion Club Gold members medium activity,4800104448,Via Mazzini,Sassari,07100,Sardegna,Italy,Europe,48.690833,9.140556,04OCT2014,04OCT2014,220200200069,1,$108.20,$94.00,,120613,1
1237234424,52829,"Massinissa, Mr. Patrizi Ettore",04DEC1983,Orion Club Gold members,Orion Club Gold members medium activity,4800102665,Viale G.B. Stucchi,Monza,20052,Lombardia,Italy,Europe,48.690833,9.140556,04OCT2014,09OCT2014,220100800066,1,$48.40,$46.20,,99999999,2
1237234429,53484,"Ermeti, Mr. Massimiliano",09NOV1953,Orion Club members,Orion Club members low activity,4800101460,Via Nuova Provinciale,Grossotto,23034,Molise,Italy,Europe,48.690833,9.140556,04OCT2014,04OCT2014,220100400005,1,$81.30,$81.50,,120605,1
1237234429,53484,"Ermeti, Mr. Massimiliano",09NOV1953,Orion Club members,Orion Club members low activity,4800101460,Via Nuova Provinciale,Grossotto,23034,Molise,Italy,Europe,48.690833,9.140556,04OCT2014,04OCT2014,220100100218,1,$36.70,$36.90,,120605,1
1237234442,56656,"Greppi, Mr. Sandro",16FEB1990,Orion Club Gold members,Orion Club Gold members low activity,4800103957,Via Nazionale,Roma,00184,Lazio,Italy,Europe,48.690833,9.140556,04OCT2014,04OCT2014,220200100077,1,$99.00,$99.20,,120617,1
1237234508,71557,"Renzulli, Mr. Barbina",10JAN1990,Orion Club Gold members,Orion Club Gold members high activity,4800104517,Via Vittorio Veneto,Sesto Calende,21018,Lombardia,Italy,Europe,48.690833,9.140556,04OCT2014,04OCT2014,220100800040,1,$120.50,$114.70,,120605,1
1237234519,71767,"Ruffolo, Ms. Elena",21JUN1953,Orion Club Gold members,Orion Club Gold members medium activity,4800102408,Via Tolmezzo,Milano,20132,Lombardia,Italy,Europe,48.690833,9.140556,04OCT2014,04OCT2014,240800200018,1,$41.70,$34.50,,120651,1
1237234524,72017,"Pelloni, Ms. Clarissa",28SEP1983,Orion Club Gold members,Orion Club Gold members medium activity,4800102401,Via Taramelli,Milano,20124,Lombardia,Italy,Europe,48.690833,9.140556,04OCT2014,09OCT2014,240300200069,1,$41.10,$33.00,,99999999,2
1237234531,72047,"Criscuoli, Ms. Rachele",15NOV1958,Orion Club members,Orion  Club members high activity,4800104342,Via Lecce,San Cesario Di Lecc,73016,Puglia,Italy,Europe,48.690833,9.140556,04OCT2014,04OCT2014,240100100251,1,$203.90,$190.20,,120593,1
1237234548,73755,"Asunis, Mr. Rafael Antonio",27JAN1938,Orion Club Gold members,Orion Club Gold members low activity,4800103359,Via Doberdo',Reggio Emilia,42100,Emilia-Romagna,Italy,Europe,48.690833,9.140556,04OCT2014,04OCT2014,220200300054,1,$65.20,$59.40,,120614,1
1237234557,74073,"Fantinati, Mr. Massimo",02OCT1983,Orion Club Gold members,Orion Club Gold members high activity,4800100649,Via Garibaldi,Canneto Sull'Oglio,46013,Lombardia,Italy,Europe,48.690833,9.140556,04OCT2014,04OCT2014,240600100027,1,$38.50,$31.00,,120635,1
1237234572,75988,"Tognazzi, Mr. Dario",15MAY1958,Orion Club Gold members,Orion Club Gold members medium activity,4800103564,Piazzale Umanesimo,Roma,00144,Lazio,Italy,Europe,48.690833,9.140556,04OCT2014,04OCT2014,210201000028,1,$53.70,$49.00,,120599,1
1237234579,77098,"Saraceno, Ms. Pinuccia",27JUL1983,Orion Club members,Orion Club members low activity,4800100435,Via Stalingrado,Bologna,40128,Emilia-Romagna,Italy,Europe,48.690833,9.140556,04OCT2014,04OCT2014,210200400040,1,$46.50,$46.70,,120599,1
1237234593,77668,"Morgillo, Ms. Stefania",26JUL1953,Orion Club members,Orion  Club members medium activity,4800102354,Via Salaino,Milano,20144,Lombardia,Italy,Europe,48.690833,9.140556,04OCT2014,04OCT2014,230100300013,2,$48.80,$9.90,,120623,1
1237234620,79392,"Brusati, Ms. Susanna",19MAY1953,Orion Club Gold members,Orion Club Gold members medium activity,4800101250,Via Vittorio Emanuele Ii,Firenze,50134,Toscana,Italy,Europe,48.690833,9.140556,04OCT2014,04OCT2014,210201000020,1,$34.10,$31.10,,120600,1
1237234661,79405,"Vizzi, Mr. Roberto",27JUN1978,Internet/Catalog Customers,Internet/Catalog Customers,4800103357,Via Che Guevara,Reggio Emilia,42100,Emilia-Romagna,Italy,Europe,48.690833,9.140556,04OCT2014,09OCT2014,220100800086,1,$66.60,$63.60,,99999999,2
1237234662,79792,"Perirano, Ms. Cristina",19AUG1968,Orion Club Gold members,Orion Club Gold members medium activity,4800103102,Via Emilia Parmense,Piacenza,29100,Emilia-Romagna,Italy,Europe,48.690833,9.140556,04OCT2014,04OCT2014,230100500082,1,$126.10,$117.20,,120626,1
1237234662,79792,"Perirano, Ms. Cristina",19AUG1968,Orion Club Gold members,Orion Club Gold members medium activity,4800103102,Via Emilia Parmense,Piacenza,29100,Emilia-Romagna,Italy,Europe,48.690833,9.140556,04OCT2014,04OCT2014,230100400009,1,$13.70,$9.70,,120626,1
1237234676,81294,"Dalio, Ms. Anna",15APR1988,Orion Club Gold members,Orion Club Gold members low activity,4800104687,Corso Ferrucci,Torino,10100,Piemonte,Italy,Europe,48.690833,9.140556,04OCT2014,04OCT2014,220101300014,1,$6.60,$5.90,,120604,1
1237234742,83588,"Presciutti, Ms. Carmen Fiorella",11DEC1978,Orion Club Gold members,Orion Club Gold members medium activity,4800100194,Via Linguiti,Aversa,81031,Campania,Italy,Europe,48.690833,9.140556,04OCT2014,04OCT2014,240500100058,1,$48.00,$42.60,,120633,1
1237234753,84995,"Viaggi, Ms. Mathilde",16APR1990,Internet/Catalog Customers,Internet/Catalog Customers,4800101297,Via Dei Provenzali,Formia,04023,Lazio,Italy,Europe,48.690833,9.140556,04OCT2014,09OCT2014,220101400263,1,$133.50,$121.70,,99999999,2
1237234754,85847,"Zanichelli, Mr. Marco",09MAY1978,Orion Club Gold members,Orion Club Gold members medium activity,4800100905,Via Dei Lavoratori,Cinisello Balsamo,20092,Lombardia,Italy,Europe,48.690833,9.140556,04OCT2014,08OCT2014,240300300055,1,$150.00,$126.10,,99999999,2
1237234754,85847,"Zanichelli, Mr. Marco",09MAY1978,Orion Club Gold members,Orion Club Gold members medium activity,4800100905,Via Dei Lavoratori,Cinisello Balsamo,20092,Lombardia,Italy,Europe,48.690833,9.140556,04OCT2014,08OCT2014,240300300022,1,$296.70,$270.10,,99999999,2
1237234754,85847,"Zanichelli, Mr. Marco",09MAY1978,Orion Club Gold members,Orion Club Gold members medium activity,4800100905,Via Dei Lavoratori,Cinisello Balsamo,20092,Lombardia,Italy,Europe,48.690833,9.140556,04OCT2014,08OCT2014,240300100018,2,$15.20,$6.80,,99999999,2
1237234774,87033,"Illy, Mr. Paolo",08JUN1958,Internet/Catalog Customers,Internet/Catalog Customers,4800101996,Via Brera,Milano,20121,Lombardia,Italy,Europe,48.690833,9.140556,04OCT2014,05OCT2014,240200100099,1,$13.80,$12.80,,99999999,2
1237234778,87645,"Chiaberto, Mr. Philip",05AUG1963,Orion Club Gold members,Orion Club Gold members high activity,4800103965,Via Nomentana,Roma,00161,Lazio,Italy,Europe,48.690833,9.140556,04OCT2014,04OCT2014,240800100031,1,$218.10,$197.90,,120650,1
1237234881,90049,"Tasinato, Mr. Luigi",28JUN1948,Orion Club members,Orion  Club members high activity,4800103107,Strada Della Bosella,Piacenza Pc,29100,Basilicata,Italy,Europe,48.690833,9.140556,04OCT2014,09OCT2014,240300300064,1,$344.40,$313.90,,99999999,2
1237234916,92257,"Navacchia, Mr. Francesco",28SEP1988,Orion Club members,Orion  Club members high activity,4800102158,Via G.G. Winckelmann,Milano,20146,Lombardia,Italy,Europe,48.690833,9.140556,04OCT2014,05OCT2014,220100100182,1,$89.60,$89.80,,120603,1
1237234919,92299,"Bongini, Ms. Milena",15MAR1958,Orion Club members,Orion  Club members medium activity,4800102018,Via Caracciolo,Milano,20155,Lombardia,Italy,Europe,48.690833,9.140556,04OCT2014,04OCT2014,230100700011,1,$275.10,$226.90,,120619,1
1237234919,92299,"Bongini, Ms. Milena",15MAR1958,Orion Club members,Orion  Club members medium activity,4800102018,Via Caracciolo,Milano,20155,Lombardia,Italy,Europe,48.690833,9.140556,04OCT2014,04OCT2014,230100500067,1,$39.20,$40.10,,120619,1
1237235001,94001,"Venturini, Ms. Maria Grazia",09DEC1963,Orion Club members,Orion  Club members medium activity,4800104940,Via Solteri,Trento,38100,Trentino-Alto Adige,Italy,Europe,48.690833,9.140556,04OCT2014,04OCT2014,230100600022,1,$84.10,$84.30,,120623,1
1237235020,94180,"Barbatano, Ms. Viviana",24JAN1958,Orion Club Gold members,Orion Club Gold members medium activity,4800102902,Via Vii Strada,Padova,35127,Veneto,Italy,Europe,48.690833,9.140556,04OCT2014,04OCT2014,220101400130,1,$16.90,$11.40,,120604,1
1237235020,94180,"Barbatano, Ms. Viviana",24JAN1958,Orion Club Gold members,Orion Club Gold members medium activity,4800102902,Via Vii Strada,Padova,35127,Veneto,Italy,Europe,48.690833,9.140556,04OCT2014,04OCT2014,220101400002,1,$104.10,$94.80,,120604,1
1237235023,94215,"Carinaldesi, Ms. Lidia",13JUL1948,Orion Club members,Orion  Club members medium activity,4800100065,Via Anticolana,Anagni,03012,Lazio,Italy,Europe,48.690833,9.140556,04OCT2014,08OCT2014,240200200020,1,$148.70,$27.80,,99999999,2
1237235043,2264,"Meijjers, Mr. G.J.",23DEC1953,Orion Club Gold members,Orion Club Gold members medium activity,6300100998,P/A J. Israelsstraat,Meppel,7944 BX,,Netherlands,Europe,48.690833,9.140556,04OCT2014,04OCT2014,240200100218,1,$52.10,$49.40,,120535,1
1237235043,2264,"Meijjers, Mr. G.J.",23DEC1953,Orion Club Gold members,Orion Club Gold members medium activity,6300100998,P/A J. Israelsstraat,Meppel,7944 BX,,Netherlands,Europe,48.690833,9.140556,04OCT2014,04OCT2014,240200100052,1,$100.60,$103.80,,120535,1
1237235076,2458,"de Graaff, Mr. G.J.C.M.",08OCT1938,Orion Club Gold members,Orion Club Gold members medium activity,6300100747,Groningenweg,Gouda,2803 PV,,Netherlands,Europe,48.690833,9.140556,04OCT2014,04OCT2014,240500200017,1,$64.50,$61.60,,120556,1
1237235085,7966,"Mahabir, Mr. J.A.",15JUN1953,Orion Club members,Orion  Club members medium activity,6300101482,Goudenregenzoom,Zoetermeer,2719 HD,,Netherlands,Europe,48.690833,9.140556,04OCT2014,04OCT2014,230100600023,1,$73.40,$73.60,,120541,1
1237235133,10906,"Dekker, Ms. J.J.M.",03MAR1943,Orion Club members,Orion  Club members high activity,6300101197,Johanna Westerdijkplein,S'-Gravenhage,2521 EN,,Netherlands,Europe,48.690833,9.140556,04OCT2014,04OCT2014,240100400070,1,$175.90,$255.90,,120525,1
1237235135,11726,"Van Dortland, Ms. I.B.",23OCT1948,Orion Club members,Orion  Club members high activity,6300101064,P/A Vitoriberg,Noordwijkerhout,2211 DH,,Netherlands,Europe,48.690833,9.140556,04OCT2014,04OCT2014,240100400021,2,$183.20,$91.50,,120526,1
1237235145,16192,"Noe, Ms. H.F.R.",19JUL1992,Orion Club members,Orion  Club members high activity,6300101438,Albert Heijnweg,Zaandam,1507 EH,,Netherlands,Europe,48.690833,9.140556,04OCT2014,04OCT2014,220100100493,1,$28.20,$28.40,,120531,1
1237235152,16689,"Meijs, Ms. Astrid",07JUL1973,Orion Club Gold members,Orion Club Gold members medium activity,6300101335,Leidseveer,Utrecht,3511 SB,,Netherlands,Europe,48.690833,9.140556,04OCT2014,04OCT2014,210200400087,1,$46.60,$46.80,,120530,1
1237235209,23204,"Snoeijer, Ms. B.S.M.",27DEC1983,Orion Club members,Orion  Club members high activity,6300100745,Groen Van Prinsterersingel,Gouda,2800 TE,,Netherlands,Europe,48.690833,9.140556,04OCT2014,04OCT2014,210200300055,1,$103.10,$103.30,,120529,1
1237235304,38880,"Van Melsen, Mr. R.W.P",01FEB1983,Orion Club members,Orion  Club members high activity,6300100212,Groenelaan,Amstelveen,1186 AA,,Netherlands,Europe,48.690833,9.140556,04OCT2014,04OCT2014,210200100005,1,$13.00,$11.50,,120530,1
1237235332,40980,"Siemelink, Mr. l.G.J.",19OCT1988,Orion Club members,Orion  Club members high activity,6300101462,Sparrenheuvel,Zeist,3708 JE,,Netherlands,Europe,48.690833,9.140556,04OCT2014,04OCT2014,230100100025,1,$30.30,$26.30,,120544,1
1237235339,41457,"Rijs, Mr. H.H.G.",12AUG1992,Internet/Catalog Customers,Internet/Catalog Customers,6300101355,Varrolaan,Utrecht,3584 BW,,Netherlands,Europe,48.690833,9.140556,04OCT2014,05OCT2014,230100100045,1,$124.80,$107.20,,99999999,2
1237235368,47950,"Wendriks, Mr. C.W.",13JUL1992,Orion Club members,Orion  Club members medium activity,6300100660,Eekholt,Diemen,1112 XH,,Netherlands,Europe,48.690833,9.140556,04OCT2014,04OCT2014,220100100223,1,$48.00,$48.20,,120532,1
1237235373,47976,"Damen, Mr. R.C.",24DEC1978,Orion Club Gold members,Orion Club Gold members high activity,6300101476,Eerste Stationsstraat,Zoetermeer,2712 HM,,Netherlands,Europe,48.690833,9.140556,04OCT2014,04OCT2014,240100400128,1,$192.40,$179.80,,120526,1
1237235373,47976,"Damen, Mr. R.C.",24DEC1978,Orion Club Gold members,Orion Club Gold members high activity,6300101476,Eerste Stationsstraat,Zoetermeer,2712 HM,,Netherlands,Europe,48.690833,9.140556,04OCT2014,04OCT2014,240100400043,1,$279.30,$276.20,,120526,1
1237235395,53068,"Besteman, Mr. Peter",05FEB1983,Internet/Catalog Customers,Internet/Catalog Customers,6300100445,Paasheuvelweg,Amsterdam Zuid Oost,1105 BJ,,Netherlands,Europe,48.690833,9.140556,04OCT2014,05OCT2014,230100100017,1,$175.30,$149.90,,99999999,2
1237235449,62714,"Dijkmans, Mr. A.J.",15DEC1963,Internet/Catalog Customers,Internet/Catalog Customers,6300100417,Vijzelstraat,Amsterdam,1017 HG,,Netherlands,Europe,48.690833,9.140556,04OCT2014,10OCT2014,230100100044,1,$102.60,$82.20,,99999999,3
1237235475,63627,"Meijjers, Mr. B.S.H.",26AUG1973,Orion Club Gold members,Orion Club Gold members medium activity,6300100096,Stuyvesantstraat,'S-Gravenhage,2593 GE,,Netherlands,Europe,48.690833,9.140556,04OCT2014,04OCT2014,220100100329,1,$83.50,$83.70,,120532,1
1237235489,71335,"Slomp, Mr. J.C.",21FEB1968,Internet/Catalog Customers,Internet/Catalog Customers,6300101313,Graadt Van Roggenweg,Utrecht,3531 AH,,Netherlands,Europe,48.690833,9.140556,04OCT2014,06OCT2014,230100500056,1,$8.00,$7.00,,99999999,3
1237235523,74313,"Knueppel, Ms. H.C.",27JUN1958,Orion Club Gold members,Orion Club Gold members low activity,6300101478,Europaweg,Zoetermeer,2711 EM,,Netherlands,Europe,48.690833,9.140556,04OCT2014,09OCT2014,220200100098,1,$120.70,$133.00,,99999999,2
1237235535,79479,"Ruinscher, Ms. A.M.",02FEB1973,Orion Club Gold members,Orion Club Gold members high activity,6300101330,Kon. Wilhelminalaan,Utrecht,3527 LA,,Netherlands,Europe,48.690833,9.140556,04OCT2014,04OCT2014,240700400014,1,$17.00,$15.60,,120561,1
1237235558,82439,"Bovy, Mr. G.J.F.M.",10AUG1988,Orion Club members,Orion Club members low activity,6300100747,Groningenweg,Gouda,2803 PV,,Netherlands,Europe,48.690833,9.140556,04OCT2014,04OCT2014,220100300022,4,$48.40,$11.90,,120531,1
1237235570,83003,"Westerhoff, Mr. H.H.J.",16JUL1992,Orion Club Gold members,Orion Club Gold members high activity,6300101282,Beneluxlaan,Utrecht,3526 KK,,Netherlands,Europe,48.690833,9.140556,04OCT2014,06OCT2014,220200200062,1,$88.80,$75.60,,99999999,2
1237235596,85183,"Mooij, Mr. B.G.M.",15NOV1973,Orion Club members,Orion  Club members high activity,6300100340,Laarderhoogtweg,Amsterdam,1101 EB,,Netherlands,Europe,48.690833,9.140556,04OCT2014,09OCT2014,220200100066,1,$86.60,$86.80,,99999999,2
1237235611,85454,"Van Hattem, Mr. B.M.G.",10APR1983,Orion Club Gold members,Orion Club Gold members medium activity,6300100492,Eusebiusplein,Arnhem,6811 HG,,Netherlands,Europe,48.690833,9.140556,04OCT2014,04OCT2014,240700400008,1,$27.90,$24.20,,120561,1
1237235648,86196,"Pagie, Ms. E.F.",25AUG1973,Orion Club members,Orion  Club members high activity,6300100904,Tesselschadestraat,Leeuwarden,8913 HA,,Netherlands,Europe,48.690833,9.140556,04OCT2014,04OCT2014,220200300117,1,$99.60,$90.70,,120537,1
1237235648,86196,"Pagie, Ms. E.F.",25AUG1973,Orion Club members,Orion  Club members high activity,6300100904,Tesselschadestraat,Leeuwarden,8913 HA,,Netherlands,Europe,48.690833,9.140556,04OCT2014,04OCT2014,220200100168,1,$191.30,$191.50,,120537,1
1237235655,88742,"Sanders, Ms. Tina",23JUN1938,Orion Club Gold members,Orion Club Gold members medium activity,6300100757,Concourslaan,Groningen,9727 KC,,Netherlands,Europe,48.690833,9.140556,04OCT2014,08OCT2014,220101400112,1,$41.70,$37.80,,120532,1
1237235668,88964,"Atkinson, Mr. A.M.J.",11MAR1953,Orion Club Gold members,Orion Club Gold members medium activity,6300100399,Strawinskylaan,Amsterdam,1077 XX,,Netherlands,Europe,48.690833,9.140556,04OCT2014,04OCT2014,240100400057,1,$217.50,$322.40,,120526,1
1237235680,91471,"Elfrink Bsc, Mr. P.J.M.",08NOV1948,Orion Club Gold members,Orion Club Gold members high activity,6300100999,Werkhorst,Meppel,7940 VA,,Netherlands,Europe,48.690833,9.140556,04OCT2014,06OCT2014,230100300006,2,$137.00,$68.70,,99999999,2
1237235687,93293,"Thijssen, Mr. Lai Fan",25MAR1968,Orion Club members,Orion  Club members medium activity,6300101430,Vijzelmolenlaan,Woerden,3447 GX,,Netherlands,Europe,48.690833,9.140556,04OCT2014,04OCT2014,230100300028,2,$80.40,$37.40,,120544,1
1237235702,63290,"Fidalgo, Ms. Raquel",02AUG1943,Orion Club members,Orion  Club members high activity,7350100088,Aerop. Da Portela,Lisboa,1704-801,,Portugal,Europe,48.690833,9.140556,04OCT2014,05OCT2014,230100700004,1,$360.00,$398.00,,99999999,2
1237235711,71648,"Casério, Ms. Daliila",09DEC1943,Orion Club Gold members,Orion Club Gold members high activity,7350100395,Apartado,Águeda,3754-909,,Portugal,Europe,48.690833,9.140556,04OCT2014,05OCT2014,230100300018,3,$213.30,$58.50,,99999999,3
1237235711,71648,"Casério, Ms. Daliila",09DEC1943,Orion Club Gold members,Orion Club Gold members high activity,7350100395,Apartado,Águeda,3754-909,,Portugal,Europe,48.690833,9.140556,04OCT2014,05OCT2014,230100100012,2,$376.40,$172.20,,99999999,3
1237235721,75553,"Gomes Cravinho, Ms. Elsa",19MAR1938,Orion Club Gold members,Orion Club Gold members high activity,7350100358,Tagus Park,Porto Salvo,2784-511,,Portugal,Europe,48.690833,9.140556,04OCT2014,05OCT2014,230100300006,1,$68.50,$68.70,,99999999,3
1237235722,43019,"Gribov, Mr. Mohammed",10MAY1988,Orion Club members,Orion  Club members high activity,8250100003,Paveletskaya Square,Moscow,113054,,Russian Federation,Asia,29.840556,89.296667,04OCT2014,08OCT2014,230100400012,1,$30.30,$24.30,,99999999,2
1237235722,43019,"Gribov, Mr. Mohammed",10MAY1988,Orion Club members,Orion  Club members high activity,8250100003,Paveletskaya Square,Moscow,113054,,Russian Federation,Asia,29.840556,89.296667,04OCT2014,08OCT2014,230100100062,1,$141.70,$122.00,,99999999,2
1237235737,273,"Rideout, Ms. Lynnetta",24AUG1983,Orion Club Gold members,Orion Club Gold members medium activity,9260120775,Essington Pl,Paterson,07501,New Jersey,United States,North America,46.073056,-100.546667,04OCT2014,04OCT2014,240300200026,1,$90.00,$81.90,,121054,1
1237235739,653,"Petteway, Ms. Lavon",01DEC1948,Orion Club Gold members,Orion Club Gold members high activity,9260105056,Capistrane Dr,Tinley Park,60477,Illinois,United States,North America,46.073056,-100.546667,04OCT2014,07OCT2014,240100400043,1,$279.30,$276.20,,99999999,2
1237235742,769,"Moore, Mr. Thomas",14MAR1968,Orion Club members,Orion Club members low activity,9260102868,Killingsworth Dr,Levittown,19056,Pennsylvania,United States,North America,46.073056,-100.546667,04OCT2014,10OCT2014,240300200018,1,$91.50,$83.30,,121054,1
1237235758,943,"Maygar, Ms. Christine-Sara",09JAN1968,Internet/Catalog Customers,Internet/Catalog Customers,9260112934,Lariat Ridge Dr,Brooklyn,11224,New York,United States,North America,46.073056,-100.546667,04OCT2014,06OCT2014,240100400014,1,$251.40,$251.30,,99999999,2
1237235758,943,"Maygar, Ms. Christine-Sara",09JAN1968,Internet/Catalog Customers,Internet/Catalog Customers,9260112934,Lariat Ridge Dr,Brooklyn,11224,New York,United States,North America,46.073056,-100.546667,04OCT2014,06OCT2014,240100100589,1,$59.70,$54.40,,99999999,2
1237235763,1202,"Depuy, Mr. Jimmy",19SEP1990,Orion Club members,Orion  Club members high activity,9260114047,Ashebrook Dr,Torrington,06790,Connecticut,United States,North America,46.073056,-100.546667,04OCT2014,05OCT2014,240700400003,1,$12.40,$11.20,,99999999,2
1237235790,2635,"Hottel, Mr. Charles",27NOV1968,Internet/Catalog Customers,Internet/Catalog Customers,9260111130,Ashe Ave,Saltsburg,15681,Pennsylvania,United States,North America,46.073056,-100.546667,04OCT2014,05OCT2014,240500200093,1,$41.70,$39.50,,99999999,2
1237235799,2857,"Keith, Mr. Gurney",21JUN1948,Orion Club members,Orion  Club members medium activity,9260126572,Canterstone Ct,Hammond,70401,Louisiana,United States,North America,46.073056,-100.546667,04OCT2014,04OCT2014,220200100144,1,$53.00,$53.20,,121058,1
1237235921,4864,"Carmichael, Ms. Lafarrah",22NOV1973,Orion Club Gold members,Orion Club Gold members high activity,9260112943,Chamberlain St,Bremerton,98312,Washington,United States,North America,46.073056,-100.546667,04OCT2014,04OCT2014,240200100193,1,$78.80,$79.00,,121051,1
1237235926,4951,"Jannetti, Mr. Steven",17DEC1990,Orion Club members,Orion  Club members high activity,9260121851,Chestnut St,Galeton,16922,Pennsylvania,United States,North America,46.073056,-100.546667,04OCT2014,09OCT2014,240400100012,1,$496.30,$142.70,,99999999,2
1237235991,6916,"Kenny, Ms. Jan",09JUN1973,Internet/Catalog Customers,Internet/Catalog Customers,9260129016,Ivy Ln,Pelham,10803,New York,United States,North America,46.073056,-100.546667,04OCT2014,08OCT2014,240800100036,1,$467.50,$387.50,,99999999,2
1237236071,7785,"Crisp-Faison, Ms. Katie",16DEC1983,Orion Club Gold members,Orion Club Gold members high activity,9260100761,Grassy Creek Pl,Arlington,22213,Virginia,United States,North America,46.073056,-100.546667,04OCT2014,04OCT2014,220100100138,1,$19.00,$19.20,,121039,1
1237236089,8922,"Thompson, Mr. Gilder",28SEP1938,Orion Club members,Orion Club members low activity,9260115704,Appleton Dr,Gilbert,85234,Arizona,United States,North America,46.073056,-100.546667,04OCT2014,04OCT2014,240500100029,1,$58.90,$52.20,,121092,1
1237236105,9515,"Espinola, Ms. Rhonda",09APR1948,Orion Club members,Orion Club members low activity,9260126056,James Austin Rd,Martin,30557,Georgia,United States,North America,46.073056,-100.546667,04OCT2014,04OCT2014,220100100038,1,$19.70,$19.90,,121042,1
1237236109,9555,"Mansmunh, Ms. Vickie",24MAR1968,Orion Club Gold members,Orion Club Gold members high activity,9260121317,Carmel Ln,Tucson,85737,Arizona,United States,North America,46.073056,-100.546667,04OCT2014,04OCT2014,220200200075,1,$201.80,$183.30,,121057,1
1237236114,9761,"Smith, Ms. Georgine",08MAR1983,Orion Club members,Orion Club members low activity,9260116232,Holtz Ln,Indianapolis,46222,Indiana,United States,North America,46.073056,-100.546667,04OCT2014,04OCT2014,220100900003,1,$24.40,$19.50,,121043,1
1237236120,9969,"Gerwig, Ms. Shakiela",23MAR1948,Orion Club Gold members,Orion Club Gold members medium activity,9260127241,Cashew Dr,Tyler,75706,Texas,United States,North America,46.073056,-100.546667,04OCT2014,04OCT2014,220100400004,1,$100.90,$101.10,,121044,1
1237236155,10169,"Hamilton-Weldon, Ms. Patricia",18AUG1978,Orion Club members,Orion  Club members high activity,9260113831,Amberglow Pl,Tallahassee,32304,Florida,United States,North America,46.073056,-100.546667,04OCT2014,04OCT2014,220100300025,1,$103.00,$84.80,,121036,1
1237236255,11913,"Smith, Ms. Antrinette",26JUL1973,Orion Club Gold members,Orion Club Gold members high activity,9260118958,Cricketfield Ln,Neosho,64850,Missouri,United States,North America,46.073056,-100.546667,04OCT2014,06OCT2014,240300200080,2,$141.60,$58.80,,121054,1
1237236255,11913,"Smith, Ms. Antrinette",26JUL1973,Orion Club Gold members,Orion Club Gold members high activity,9260118958,Cricketfield Ln,Neosho,64850,Missouri,United States,North America,46.073056,-100.546667,04OCT2014,06OCT2014,240300100020,3,$42.30,$12.10,,121054,1
1237236260,11944,"Jackle, Mr. Alfred",18MAR1958,Orion Club members,Orion  Club members medium activity,9260104261,Duryer Ct,Las Vegas,89119,Nevada,United States,North America,46.073056,-100.546667,04OCT2014,04OCT2014,230100100033,2,$113.40,$52.30,,120732,1
1237236288,12004,"Maggard, Ms. Lottie",15FEB1992,Orion Club Gold members,Orion Club Gold members low activity,9260125619,Debnam Rd,South Bend,46617,Indiana,United States,North America,46.073056,-100.546667,04OCT2014,08OCT2014,240700200004,1,$4.20,$4.40,,99999999,2
1237236295,12252,"Montague, Mr. Mack",06MAY1943,Orion Club members,Orion  Club members high activity,9260107876,Barwick Way,Brookfield,06804,Connecticut,United States,North America,46.073056,-100.546667,04OCT2014,04OCT2014,220101400174,1,$13.20,$13.30,,121041,1
1237236322,12718,"Selaya, Mr. Adam",17NOV1948,Orion Club Gold members,Orion Club Gold members low activity,9260106963,Duplin Rd,Dover Plains,12522,New York,United States,North America,46.073056,-100.546667,04OCT2014,11OCT2014,230100100063,1,$383.90,$352.10,,121069,1
1237236329,12845,"Laforge, Ms. Tewanda",09MAY1990,Orion Club members,Orion  Club members medium activity,9260125475,Holbrook Ct,Saint Charles,63301,Missouri,United States,North America,46.073056,-100.546667,04OCT2014,04OCT2014,220100100581,1,$38.70,$38.90,,121042,1
1237236330,13048,"Kenney, Mr. Gregory",17DEC1992,Orion Club members,Orion  Club members high activity,9260127390,Autumn Day Dr,Pittsburg,75686,Texas,United States,North America,46.073056,-100.546667,04OCT2014,08OCT2014,240100200005,3,$103.50,$29.10,,99999999,2
1237236363,13518,"Mummert, Mr. Vester",22NOV1978,Orion Club Gold members,Orion Club Gold members high activity,9260128484,Brentwood Rd,Detroit,48204,Michigan,United States,North America,46.073056,-100.546667,04OCT2014,04OCT2014,240800200006,1,$225.50,$225.70,,121135,1
1237236441,14790,"Gideon, Ms. Marjory",22DEC1992,Orion Club Gold members,Orion Club Gold members medium activity,9260125002,Blackwolf Run Ln,Millington,38053,Tennessee,United States,North America,46.073056,-100.546667,04OCT2014,04OCT2014,220200100037,1,$102.60,$102.80,,121061,1
1237236444,15398,"Sheckells, Ms. Rhonda",14NOV1992,Orion Club members,Orion  Club members high activity,9260123884,Green Dr,Spring Valley,91977,California,United States,North America,46.073056,-100.546667,04OCT2014,04OCT2014,240100400143,1,$166.60,$166.80,,121019,1
1237236444,15398,"Sheckells, Ms. Rhonda",14NOV1992,Orion Club members,Orion  Club members high activity,9260123884,Green Dr,Spring Valley,91977,California,United States,North America,46.073056,-100.546667,04OCT2014,04OCT2014,240100200005,1,$34.50,$29.10,,121019,1
1237236444,15398,"Sheckells, Ms. Rhonda",14NOV1992,Orion Club members,Orion  Club members high activity,9260123884,Green Dr,Spring Valley,91977,California,United States,North America,46.073056,-100.546667,04OCT2014,04OCT2014,240100100676,1,$43.40,$37.30,,121019,1
1237236482,16297,"Torosyan, Mr. Christina",28AUG1988,Orion Club Gold members,Orion Club Gold members high activity,9260117779,Kullana Ln,Rochester,14624,New York,United States,North America,46.073056,-100.546667,04OCT2014,04OCT2014,240100100654,1,$45.20,$36.30,,121023,1
1237236487,16496,"Galenis, Mr. Atwell",15NOV1978,Orion Club Gold members,Orion Club Gold members low activity,9260114425,Buck Rowland Rd,Los Angeles,90004,California,United States,North America,46.073056,-100.546667,04OCT2014,07OCT2014,230100700011,1,$275.10,$226.90,,121066,1
1237236487,16496,"Galenis, Mr. Atwell",15NOV1978,Orion Club Gold members,Orion Club Gold members low activity,9260114425,Buck Rowland Rd,Los Angeles,90004,California,United States,North America,46.073056,-100.546667,04OCT2014,07OCT2014,230100100013,1,$113.10,$117.80,,121066,1
1237236504,17100,"Fortunes, Mr. Paul",11APR1990,Orion Club Gold members,Orion Club Gold members medium activity,9260104048,Declaration Dr,Butler,36904,Alabama,United States,North America,46.073056,-100.546667,04OCT2014,04OCT2014,240800100080,1,$211.60,$188.50,,121135,1
1237236557,19555,"Critcher, Mr. Dewey",18JUL1963,Orion Club members,Orion Club members low activity,9260105119,Courage Ct,Chicago,60637,Illinois,United States,North America,46.073056,-100.546667,04OCT2014,04OCT2014,230100600023,1,$73.40,$73.60,,120733,1
1237236571,20333,"Meiggs, Mr. Howard",09SEP1990,Orion Club Gold members,Orion Club Gold members high activity,9260119118,Attingham Dr,Easton,18042,Pennsylvania,United States,North America,46.073056,-100.546667,04OCT2014,04OCT2014,230100700009,1,$568.10,$579.90,,121073,1
1237236571,20333,"Meiggs, Mr. Howard",09SEP1990,Orion Club Gold members,Orion Club Gold members high activity,9260119118,Attingham Dr,Easton,18042,Pennsylvania,United States,North America,46.073056,-100.546667,04OCT2014,04OCT2014,230100100006,1,$176.00,$149.10,,121073,1
1237236615,20487,"Linkroum, Mr. Blue",03DEC1938,Orion Club Gold members,Orion Club Gold members high activity,9260128037,Coleraine Ct,Anderson,46012,Indiana,United States,North America,46.073056,-100.546667,04OCT2014,04OCT2014,210201000024,1,$36.40,$33.20,,121031,1
1237236624,21256,"Zaharin, Mr. Judkin",10JUL1963,Orion Club Gold members,Orion Club Gold members medium activity,9260117822,Highland Pl,Salinas,93905,California,United States,North America,46.073056,-100.546667,04OCT2014,04OCT2014,230100500061,1,$18.30,$16.10,,121075,1
1237236686,22809,"Hraniotis-Saunders, Ms. Catherine",08MAY1963,Orion Club Gold members,Orion Club Gold members medium activity,9260125213,Gateridge Dr,Lynnwood,98037,Washington,United States,North America,46.073056,-100.546667,04OCT2014,04OCT2014,220200100121,1,$68.60,$68.80,,121058,1
1237236693,23574,"Lipscombe, Mr. Flavio",04JUL1978,Orion Club members,Orion  Club members medium activity,9260117433,Gable Ridge Ln,Milwaukee,53211,Wisconsin,United States,North America,46.073056,-100.546667,04OCT2014,04OCT2014,230100500082,1,$126.10,$117.20,,121074,1
1237236740,24005,"Dayko, Mr. Andrew",16JUN1958,Orion Club Gold members,Orion Club Gold members high activity,9260120895,Donegal Ct,Marion,36756,Alabama,United States,North America,46.073056,-100.546667,04OCT2014,04OCT2014,240100400036,1,$213.30,$208.20,,121021,1
1237236742,24225,"Van Metre, Ms. Majelle",11JAN1958,Orion Club Gold members,Orion Club Gold members high activity,9260119649,High Country Dr,Remsen,13438,New York,United States,North America,46.073056,-100.546667,04OCT2014,04OCT2014,230100600015,1,$78.20,$78.40,,121073,1
1237236742,24225,"Van Metre, Ms. Majelle",11JAN1958,Orion Club Gold members,Orion Club Gold members high activity,9260119649,High Country Dr,Remsen,13438,New York,United States,North America,46.073056,-100.546667,04OCT2014,04OCT2014,230100500046,1,$45.60,$43.40,,121073,1
1237236770,24370,"Dicksey, Mr. William",14DEC1988,Orion Club members,Orion  Club members medium activity,9260118195,Cum Laude Ct,Mooresville,46158,Indiana,United States,North America,46.073056,-100.546667,04OCT2014,04OCT2014,220200100098,1,$120.70,$133.00,,121061,1
1237236840,26346,"Inskeep, Ms. Lakeshia",28SEP1958,Orion Club Gold members,Orion Club Gold members high activity,9260116864,Coachmans Way,Miami,33142,Florida,United States,North America,46.073056,-100.546667,04OCT2014,04OCT2014,220101400084,4,$80.00,$18.40,,121036,1
1237236850,26546,"Evans, Mr. Jeremy",28AUG1968,Orion Club Gold members,Orion Club Gold members low activity,9260121212,Crimmons Cir,Sumner,98390,Washington,United States,North America,46.073056,-100.546667,04OCT2014,04OCT2014,220101000002,1,$17.70,$16.00,,121043,1
1237236855,26734,"Carr-Roberts, Ms. Chippy",18AUG1958,Orion Club Gold members,Orion Club Gold members medium activity,9260111037,Forest Dr,Annandale,08801,New Jersey,United States,North America,46.073056,-100.546667,04OCT2014,04OCT2014,240100400079,1,$230.30,$204.90,,121020,1
1237236859,26769,"Boodo, Ms. Jonene",01APR1953,Orion Club Gold members,Orion Club Gold members low activity,9260122195,Daniels St,Floral Park,11001,New York,United States,North America,46.073056,-100.546667,04OCT2014,04OCT2014,240500100029,1,$58.90,$52.20,,121090,1
1237236861,26777,"Resetarits, Mr. James",10MAY1983,Orion Club Gold members,Orion Club Gold members low activity,9260126485,Amber Ridge Ln,Hopatcong,07843,New Jersey,United States,North America,46.073056,-100.546667,04OCT2014,04OCT2014,220200100115,1,$148.10,$148.30,,121061,1
1237236897,28034,"Allsopp, Mr. Franke",15AUG1992,Internet/Catalog Customers,Internet/Catalog Customers,9260100201,Chandler Ridge Cir,Oakland,94602,California,United States,North America,46.073056,-100.546667,04OCT2014,07OCT2014,240800200043,1,$44.70,$39.00,,99999999,2
1237236897,28034,"Allsopp, Mr. Franke",15AUG1992,Internet/Catalog Customers,Internet/Catalog Customers,9260100201,Chandler Ridge Cir,Oakland,94602,California,United States,North America,46.073056,-100.546667,04OCT2014,07OCT2014,240800100048,1,$382.10,$324.90,,99999999,2
1237236979,28591,"Glancy, Ms. Deborah",13MAY1983,Orion Club members,Orion  Club members medium activity,9260121644,Hankinson Rd,Hingham,02043,Massachusetts,United States,North America,46.073056,-100.546667,04OCT2014,09OCT2014,240500200088,2,$79.40,$37.80,,99999999,2
1237237006,29966,"Mc Mahon, Ms. Helana",12JUN1948,Orion Club members,Orion Club members low activity,9260109062,Horsham Way,Greenville,29605,South Carolina,United States,North America,46.073056,-100.546667,04OCT2014,04OCT2014,220100100483,1,$32.20,$38.80,,121043,1
1237237100,32204,"Zones, Ms. Annie",08MAR1948,Orion Club Gold members,Orion Club Gold members high activity,9260102301,Allanbrooke Ln,Bronx,10459,New York,United States,North America,46.073056,-100.546667,04OCT2014,05OCT2014,240100400014,1,$251.40,$251.30,,99999999,2
1237237152,33341,"Wohlgenant, Mr. Jonapher",24NOV1968,Orion Club Gold members,Orion Club Gold members high activity,9260105159,Diamondhitch Trl,Calumet City,60409,Illinois,United States,North America,46.073056,-100.546667,04OCT2014,04OCT2014,240200100214,1,$104.00,$107.60,,121051,1
1237237176,33657,"Bryant, Mr. Ayan",01JUN1948,Orion Club members,Orion  Club members high activity,9260105585,Brookside Dr,Brainerd,56401,Minnesota,United States,North America,46.073056,-100.546667,04OCT2014,04OCT2014,240800100028,1,$385.70,$350.20,,121138,1
1237237209,33975,"Penney, Ms. Kathleen",20MAR1968,Orion Club Gold members,Orion Club Gold members low activity,9260123427,Chatterson Dr,Autryville,28318,North Carolina,United States,North America,46.073056,-100.546667,04OCT2014,04OCT2014,240800200006,1,$225.50,$225.70,,121140,1
1237237214,34328,"Shaw, Mr. Jarod",09APR1958,Orion Club members,Orion  Club members high activity,9260107111,Crestwyck Ct,Baker,70714,Louisiana,United States,North America,46.073056,-100.546667,04OCT2014,04OCT2014,240800100047,1,$359.20,$299.00,,121138,1
1237237249,35264,"Spring, Ms. Drynda",13JUN1983,Orion Club members,Orion  Club members high activity,9260104440,Branch Park Dr,Alpharetta,30022,Georgia,United States,North America,46.073056,-100.546667,04OCT2014,04OCT2014,220101400102,1,$23.60,$21.60,,121042,1
1237237282,36547,"Sadat, Ms. Verna",16FEB1988,Orion Club Gold members,Orion Club Gold members low activity,9260122213,Dutchess Dr,Rego Park,11374,New York,United States,North America,46.073056,-100.546667,04OCT2014,04OCT2014,220101400232,1,$35.10,$32.00,,121040,1
1237237282,36547,"Sadat, Ms. Verna",16FEB1988,Orion Club Gold members,Orion Club Gold members low activity,9260122213,Dutchess Dr,Rego Park,11374,New York,United States,North America,46.073056,-100.546667,04OCT2014,04OCT2014,220100100278,1,$23.00,$23.20,,121040,1
1237237286,37646,"Mormimo, Mr. Calvin",14MAY1988,Orion Club Gold members,Orion Club Gold members low activity,9260120115,Gateridge Dr,Newport Beach,92660,California,United States,North America,46.073056,-100.546667,04OCT2014,04OCT2014,240700100012,1,$21.99,$18.20,,121105,1
1237237286,37646,"Mormimo, Mr. Calvin",14MAY1988,Orion Club Gold members,Orion Club Gold members low activity,9260120115,Gateridge Dr,Newport Beach,92660,California,United States,North America,46.073056,-100.546667,04OCT2014,04OCT2014,240700100007,1,$22.85,$18.60,,121105,1
1237237308,37708,"Brown, Mr. Michael",25OCT1983,Orion Club members,Orion  Club members medium activity,9260102521,Bellingham Cir,Fort Lauderdale,33328,Florida,United States,North America,46.073056,-100.546667,04OCT2014,04OCT2014,220100700027,1,$59.50,$59.70,,121042,1
1237237387,38371,"Tylec, Mr. Edwin",25NOV1963,Orion Club Gold members,Orion Club Gold members high activity,9260121874,Henderson St,Eaton,45320,Ohio,United States,North America,46.073056,-100.546667,04OCT2014,04OCT2014,240600100200,1,$19.40,$16.60,,121095,1
1237237387,38371,"Tylec, Mr. Edwin",25NOV1963,Orion Club Gold members,Orion Club Gold members high activity,9260121874,Henderson St,Eaton,45320,Ohio,United States,North America,46.073056,-100.546667,04OCT2014,04OCT2014,240600100103,1,$44.90,$37.20,,121095,1
1237237387,38371,"Tylec, Mr. Edwin",25NOV1963,Orion Club Gold members,Orion Club Gold members high activity,9260121874,Henderson St,Eaton,45320,Ohio,United States,North America,46.073056,-100.546667,04OCT2014,04OCT2014,240600100028,1,$18.60,$15.00,,121095,1
1237237400,39024,"Glatfelter, Mr. Michael",21DEC1958,Orion Club members,Orion  Club members medium activity,9260114067,Blossom Hill Ct,Three Rivers,78071,Texas,United States,North America,46.073056,-100.546667,04OCT2014,07OCT2014,240500200011,1,$30.80,$28.70,,99999999,2
1237237408,39056,"Droessler, Ms. Theda",17FEB1983,Orion Club Gold members,Orion Club Gold members high activity,9260129269,Alderleaf Dr,Carbondale,62901,Illinois,United States,North America,46.073056,-100.546667,04OCT2014,04OCT2014,240100400136,1,$90.90,$90.80,,121025,1
1237237449,39969,"Boghdadi, Mr. Beeman",23OCT1983,Orion Club members,Orion  Club members high activity,9260102362,Chessington Ct,Bronx,10452,New York,United States,North America,46.073056,-100.546667,04OCT2014,04OCT2014,220101400053,1,$181.00,$154.00,,121042,1
1237237449,39969,"Boghdadi, Mr. Beeman",23OCT1983,Orion Club members,Orion  Club members high activity,9260102362,Chessington Ct,Bronx,10452,New York,United States,North America,46.073056,-100.546667,04OCT2014,04OCT2014,220101200032,1,$114.80,$98.80,,121042,1
1237237483,40292,"Williams, Mr. Ralph",24MAY1988,Orion Club members,Orion  Club members medium activity,9260128186,Earle Rd,Hagerstown,21740,Maryland,United States,North America,46.073056,-100.546667,04OCT2014,04OCT2014,220101400114,1,$63.10,$57.40,,121039,1
1237237498,40833,"Yohman, Mr. Justin",02FEB1948,Orion Club members,Orion  Club members medium activity,9260123160,Dixon Dr,Laneville,75667,Texas,United States,North America,46.073056,-100.546667,04OCT2014,04OCT2014,220100400024,1,$92.90,$89.40,,121040,1
1237237545,41138,"Pacheco, Mr. Lennox",19FEB1973,Orion Club Gold members,Orion Club Gold members high activity,9260129303,Cypress Ln,Franklin,37064,Tennessee,United States,North America,46.073056,-100.546667,04OCT2014,04OCT2014,220101400203,1,$38.50,$34.30,,121043,1
1237237552,41484,"Mclean, Mr. Bryan",22APR1988,Orion Club members,Orion  Club members medium activity,9260129170,Dallavia Ct,Wichita Falls,76306,Texas,United States,North America,46.073056,-100.546667,04OCT2014,04OCT2014,220101400393,1,$105.20,$95.70,,121044,1
1237237605,42933,"Helmandollar, Mr. Henry",23FEB1973,Orion Club members,Orion Club members low activity,9260105803,Fiesta Way,Cleveland,44111,Ohio,United States,North America,46.073056,-100.546667,04OCT2014,04OCT2014,220100400024,1,$92.90,$89.40,,121040,1
1237237633,43025,"Delgado-Arroyo, Mr. Robert",01FEB1968,Internet/Catalog Customers,Internet/Catalog Customers,9260103751,Industrial Dr,North Charleston,29418,South Carolina,United States,North America,46.073056,-100.546667,04OCT2014,09OCT2014,240100100604,1,$84.70,$70.70,,99999999,3
1237237648,43413,"Iles, Ms. Margaret",21OCT1988,Orion Club members,Orion  Club members medium activity,9260125756,Epping Forest Dr,Saint Louis,63136,Missouri,United States,North America,46.073056,-100.546667,04OCT2014,04OCT2014,220200300117,2,$199.20,$90.70,,121057,1
1237237648,43413,"Iles, Ms. Margaret",21OCT1988,Orion Club members,Orion  Club members medium activity,9260125756,Epping Forest Dr,Saint Louis,63136,Missouri,United States,North America,46.073056,-100.546667,04OCT2014,04OCT2014,220200100146,1,$50.20,$50.40,,121057,1
1237237662,43803,"Jordan, Mr. Wilfred",23DEC1953,Orion Club members,Orion  Club members high activity,9260123343,Glendower Rd,Salinas,00751,PR,United States,North America,46.073056,-100.546667,04OCT2014,04OCT2014,240100100042,1,$110.70,$102.70,,121020,1
1237237668,44162,"Thompson, Ms. Sontonia",24APR1948,Orion Club members,Orion  Club members medium activity,9260123375,Chardon Ct,Salt Lake City,84105,Utah,United States,North America,46.073056,-100.546667,04OCT2014,04OCT2014,220100800020,1,$23.10,$22.10,,121040,1
1237237677,44233,"Ouelette, Mr. Lewyn",19MAR1988,Orion Club members,Orion  Club members high activity,9260121214,Currituck Dr,Puyallup,98375,Washington,United States,North America,46.073056,-100.546667,04OCT2014,04OCT2014,240700100002,1,$23.40,$24.40,,121109,1
1237237704,44505,"Krein, Ms. Allison",25AUG1978,Orion Club Gold members,Orion Club Gold members medium activity,9260127224,Deering Dr,Dover,44622,Ohio,United States,North America,46.073056,-100.546667,04OCT2014,04OCT2014,240700200019,1,$16.90,$17.20,,121106,1
1237237714,44872,"Marsil, Mr. Craigo",04MAY1973,Orion Club members,Orion  Club members medium activity,9260108376,Edgemore Ave,Oakland,56076,Minnesota,United States,North America,46.073056,-100.546667,04OCT2014,10OCT2014,240100100246,1,$22.40,$15.60,,99999999,2
1237237732,45479,"Toal, Mr. Daniel",04JUN1983,Orion Club members,Orion  Club members high activity,9260106963,Duplin Rd,Dover Plains,12522,New York,United States,North America,46.073056,-100.546667,04OCT2014,07OCT2014,220101400342,1,$175.70,$159.80,,121040,1
1237237732,45479,"Toal, Mr. Daniel",04JUN1983,Orion Club members,Orion  Club members high activity,9260106963,Duplin Rd,Dover Plains,12522,New York,United States,North America,46.073056,-100.546667,04OCT2014,07OCT2014,220101100016,1,$17.80,$14.80,,121040,1
1237237754,45575,"Tsuei, Ms. Veronica",06JUN1968,Orion Club Gold members,Orion Club Gold members high activity,9260103147,Fairview Rd,Princeton,42445,Kentucky,United States,North America,46.073056,-100.546667,04OCT2014,04OCT2014,230100200040,1,$95.90,$96.10,,121075,1
1237237773,46053,"Campbell, Mr. Robert",27APR1943,Orion Club Gold members,Orion Club Gold members high activity,9260116356,Avon Dr,Columbia,38401,Tennessee,United States,North America,46.073056,-100.546667,04OCT2014,04OCT2014,220200100108,1,$135.20,$135.40,,121057,1
1237237776,46545,"Bell, Ms. Troi",20FEB1983,Orion Club members,Orion  Club members medium activity,9260108457,Englefield Dr,Lemoore,93245,California,United States,North America,46.073056,-100.546667,04OCT2014,04OCT2014,230100100062,1,$141.70,$122.00,,121073,1
1237237780,46597,"Gilmore, Mr. William",27NOV1943,Orion Club Gold members,Orion Club Gold members medium activity,9260122412,Church St,Brandon,39047,Mississippi,United States,North America,46.073056,-100.546667,04OCT2014,04OCT2014,220101100031,1,$22.30,$20.10,,121040,1
1237237780,46597,"Gilmore, Mr. William",27NOV1943,Orion Club Gold members,Orion Club Gold members medium activity,9260122412,Church St,Brandon,39047,Mississippi,United States,North America,46.073056,-100.546667,04OCT2014,04OCT2014,220100700046,1,$148.50,$141.60,,121040,1
1237237793,46825,"Pocalyko, Mr. Erwytt",01APR1958,Orion Club Gold members,Orion Club Gold members low activity,9260128189,Edridge Ct,Winslow,72959,Arkansas,United States,North America,46.073056,-100.546667,04OCT2014,04OCT2014,240100400086,1,$98.30,$98.20,,121023,1
1237237807,48314,"Watson-Joe, Mr. William",19DEC1992,Orion Club Gold members,Orion Club Gold members high activity,9260105517,Dogwood Ln,New Bern,28560,North Carolina,United States,North America,46.073056,-100.546667,04OCT2014,04OCT2014,220101400435,1,$62.80,$62.70,,121037,1
1237237842,48614,"Kirn, Ms. Dianthia",12JAN1990,Orion Club members,Orion  Club members high activity,9260126985,Kelly Glen Dr,Ithaca,14850,New York,United States,North America,46.073056,-100.546667,04OCT2014,04OCT2014,240700100006,1,$23.50,$19.00,,121106,1
1237237857,49259,"Tandon, Ms. Valene",02JUL1958,Orion Club members,Orion  Club members high activity,9260104978,Black Walnut Ct,Calumet City,60409,Illinois,United States,North America,46.073056,-100.546667,04OCT2014,04OCT2014,210201000130,1,$29.60,$26.40,,121035,1
1237237857,49259,"Tandon, Ms. Valene",02JUL1958,Orion Club members,Orion  Club members high activity,9260104978,Black Walnut Ct,Calumet City,60409,Illinois,United States,North America,46.073056,-100.546667,04OCT2014,04OCT2014,210200300079,1,$32.10,$32.30,,121035,1
1237237903,49565,"Prim, Mr. Gregory",26APR1983,Orion Club members,Orion  Club members high activity,9260113997,Haddonfield Ln,Toledo,97391,Oregon,United States,North America,46.073056,-100.546667,04OCT2014,04OCT2014,230100500096,1,$35.50,$34.50,,121068,1
1237237907,50268,"Mitofsky, Ms. Cinthia",14NOV1978,Orion Club members,Orion  Club members high activity,9260121602,Cameo Ln,Norwell,02061,Massachusetts,United States,North America,46.073056,-100.546667,04OCT2014,04OCT2014,230100700011,1,$275.10,$226.90,,121071,1
1237237954,51515,"Tonkery, Mr. Oba",10DEC1973,Internet/Catalog Customers,Internet/Catalog Customers,9260124494,la Costa Way,Santa Barbara,93111,California,United States,North America,46.073056,-100.546667,04OCT2014,06OCT2014,240100400025,1,$17.60,$16.20,,99999999,2
1237237956,51530,"Matot, Ms. Fayeka",07JAN1988,Orion Club members,Orion  Club members medium activity,9260101709,Climbing Rose Turn,San Antonio,78245,Texas,United States,North America,46.073056,-100.546667,04OCT2014,04OCT2014,210200900046,1,$17.60,$14.20,,121035,1
1237238010,52455,"Lovings, Ms. Kelly",05FEB1968,Orion Club members,Orion  Club members medium activity,9260114364,Bracken Trail Cir,Sylmar,91342,California,United States,North America,46.073056,-100.546667,04OCT2014,04OCT2014,220101500006,1,$233.60,$233.80,,121041,1
1237238023,53057,"Fanelli, Ms. Pattilee",19SEP1968,Orion Club members,Orion  Club members medium activity,9260123351,Holly Springs Rd,Salina,67401,Kansas,United States,North America,46.073056,-100.546667,04OCT2014,06OCT2014,240400200093,2,$311.60,$129.90,,99999999,3
1237238023,53057,"Fanelli, Ms. Pattilee",19SEP1968,Orion Club members,Orion  Club members medium activity,9260123351,Holly Springs Rd,Salina,67401,Kansas,United States,North America,46.073056,-100.546667,04OCT2014,06OCT2014,240400200016,1,$194.00,$110.00,,99999999,3
1237238040,53524,"Guthery, Ms. Jamie",10NOV1978,Orion Club Gold members,Orion Club Gold members low activity,9260116283,Circle Dr,Coldwater,38618,Mississippi,United States,North America,46.073056,-100.546667,04OCT2014,04OCT2014,220100700038,1,$105.20,$100.20,,121041,1
1237238092,53816,"Chin, Mr. John",18OCT1978,Orion Club members,Orion Club members low activity,9260113996,Greywood Dr,Merrill,54452,Wisconsin,United States,North America,46.073056,-100.546667,04OCT2014,10OCT2014,240500100029,1,$58.90,$52.20,,99999999,2
1237238112,54335,"Ponsolle, Ms. Fayth",02SEP1973,Internet/Catalog Customers,Internet/Catalog Customers,9260123014,Haymarket Ln,Vesuvius,24483,Virginia,United States,North America,46.073056,-100.546667,04OCT2014,05OCT2014,210200300038,1,$18.40,$18.60,,99999999,2
1237238164,55265,"Muegge, Ms. Tyson",27SEP1990,Orion Club members,Orion  Club members medium activity,9260122027,Amblewood Dr,Little Rock,72206,Arkansas,United States,North America,46.073056,-100.546667,04OCT2014,04OCT2014,220100100633,1,$47.90,$48.10,,121044,1
1237238181,55494,"Redick, Ms. Manika",19FEB1943,Orion Club Gold members,Orion Club Gold members low activity,9260106584,Cottingham Way,Petersburg,23803,Virginia,United States,North America,46.073056,-100.546667,04OCT2014,04OCT2014,220100100405,1,$12.00,$12.10,,121041,1
1237238218,57244,"Ankrah, Mr. William",02SEP1953,Orion Club Gold members,Orion Club Gold members medium activity,9260111621,Cokesbury Ln,Whitehall,59759,Montana,United States,North America,46.073056,-100.546667,04OCT2014,04OCT2014,230100500074,1,$136.00,$102.60,,121064,1
1237238278,58325,"Polkowski, Mr. Dezso",09APR1953,Orion Club Gold members,Orion Club Gold members low activity,9260108462,Forestville Rd,Sanger,93657,California,United States,North America,46.073056,-100.546667,04OCT2014,04OCT2014,220100700038,1,$105.20,$100.20,,121041,1
1237238328,58667,"Strobel, Ms. Teresa",21DEC1968,Orion Club members,Orion  Club members high activity,9260109882,Knightsbridge Way,Houston,77034,Texas,United States,North America,46.073056,-100.546667,04OCT2014,04OCT2014,220101400083,1,$50.70,$46.20,,121044,1
1237238340,59047,"Darden, Ms. Hoyie",01OCT1988,Internet/Catalog Customers,Internet/Catalog Customers,9260114030,Deerland Grove Dr,Marion,52302,Iowa,United States,North America,46.073056,-100.546667,04OCT2014,07OCT2014,240500100019,1,$48.40,$43.00,,99999999,2
1237238360,59537,"Crittenden, Ms. Locotha",28JAN1973,Orion Club Gold members,Orion Club Gold members low activity,9260106699,Edington Ln,Albany,31701,Georgia,United States,North America,46.073056,-100.546667,04OCT2014,04OCT2014,240500100011,1,$39.20,$35.70,,121094,1
1237238366,59565,"Owens, Mr. Christoph",06NOV1992,Orion Club members,Orion  Club members medium activity,9260121696,Clairbourne Pl,Salem,97301,Oregon,United States,North America,46.073056,-100.546667,04OCT2014,05OCT2014,240100100351,1,$28.90,$23.80,,99999999,2
1237238404,59979,"Butts, Mr. Stronnie",22NOV1953,Orion Club members,Orion  Club members high activity,9260129972,Gladstone Dr,la Crosse,54601,Wisconsin,United States,North America,46.073056,-100.546667,04OCT2014,04OCT2014,230100600015,1,$78.20,$78.40,,120733,1
1237238414,60301,"Leese, Mr. Charles",12JAN1953,Orion Club members,Orion Club members low activity,9260107511,Antigua Run,Molino,32577,Florida,United States,North America,46.073056,-100.546667,04OCT2014,04OCT2014,240200200090,1,$78.70,$63.10,,121051,1
1237238459,61380,"Riggins, Ms. Larinda",03MAY1973,Orion Club members,Orion  Club members high activity,9260116528,Bradford Pl,Charlotte,28216,North Carolina,United States,North America,46.073056,-100.546667,04OCT2014,09OCT2014,240500200095,1,$29.10,$27.90,,121090,1
1237238459,61380,"Riggins, Ms. Larinda",03MAY1973,Orion Club members,Orion  Club members high activity,9260116528,Bradford Pl,Charlotte,28216,North Carolina,United States,North America,46.073056,-100.546667,04OCT2014,09OCT2014,240500100027,1,$45.50,$40.40,,121090,1
1237238465,61623,"Nail, Mr. Terone",17OCT1992,Orion Club Gold members,Orion Club Gold members high activity,9260123256,Evans Mill Pl,Citrus Heights,95621,California,United States,North America,46.073056,-100.546667,04OCT2014,04OCT2014,240100100618,1,$83.90,$70.10,,121020,1
1237238478,62019,"Wobick, Mr. Ghanshyam",24JAN1988,Internet/Catalog Customers,Internet/Catalog Customers,9260120991,Chariot Ct,Philadelphia,19124,Pennsylvania,United States,North America,46.073056,-100.546667,04OCT2014,09OCT2014,240100400098,1,$251.80,$251.70,,99999999,2
1237238503,62577,"Dowler, Ms. Tracy",28MAY1943,Orion Club Gold members,Orion Club Gold members high activity,9260108163,Gillespie Ct,Houston,77045,Texas,United States,North America,46.073056,-100.546667,04OCT2014,05OCT2014,240500200116,1,$55.10,$45.70,,99999999,2
1237238544,63079,"Moore, Ms. Mary",09MAR1988,Orion Club Gold members,Orion Club Gold members medium activity,9260122084,Glenwood Ave,Mahopac,10541,New York,United States,North America,46.073056,-100.546667,04OCT2014,09OCT2014,240100100431,1,$3.00,$2.30,,99999999,2
1237238549,63455,"Paire, Mr. Autray",26FEB1978,Orion Club Gold members,Orion Club Gold members medium activity,9260129932,Foxmoor Ct,Yuma,85364,Arizona,United States,North America,46.073056,-100.546667,04OCT2014,04OCT2014,240500200143,1,$20.80,$19.80,,121089,1
1237238555,63470,"Updegrave, Mr. Kline",23FEB1990,Orion Club members,Orion  Club members medium activity,9260120939,Barneswyck Dr,Philadelphia,19139,Pennsylvania,United States,North America,46.073056,-100.546667,04OCT2014,04OCT2014,230100600015,1,$78.20,$78.40,,121072,1
1237238562,63586,"Morgavan, Ms. Kizzy",16JUL1983,Orion Club Gold members,Orion Club Gold members low activity,9260124166,Dahlgreen Rd,San Juan,00923,PR,United States,North America,46.073056,-100.546667,04OCT2014,04OCT2014,220101400184,1,$54.10,$48.30,,121036,1
1237238562,63586,"Morgavan, Ms. Kizzy",16JUL1983,Orion Club Gold members,Orion Club Gold members low activity,9260124166,Dahlgreen Rd,San Juan,00923,PR,United States,North America,46.073056,-100.546667,04OCT2014,04OCT2014,220100100432,1,$65.00,$64.90,,121036,1
1237238588,63685,"Dingledine, Ms. Sheldia",06OCT1990,Orion Club members,Orion  Club members high activity,9260122863,Heritage Meadows Ln,Corona,92882,California,United States,North America,46.073056,-100.546667,04OCT2014,04OCT2014,220100400027,1,$94.30,$89.80,,121043,1
1237238588,63685,"Dingledine, Ms. Sheldia",06OCT1990,Orion Club members,Orion  Club members high activity,9260122863,Heritage Meadows Ln,Corona,92882,California,United States,North America,46.073056,-100.546667,04OCT2014,04OCT2014,220100100541,1,$42.80,$43.00,,121043,1
1237238608,64207,"Murphy, Mr. Heath",18FEB1968,Orion Club members,Orion  Club members high activity,9260108467,Foxwood Dr,Laton,93242,California,United States,North America,46.073056,-100.546667,04OCT2014,04OCT2014,230100100035,2,$141.60,$59.60,,121071,1
1237238648,65210,"Glick, Mr. Dhiren",02JAN1963,Orion Club Gold members,Orion Club Gold members high activity,9260105667,Glenmore Rd,Raymond,04071,Maine,United States,North America,46.073056,-100.546667,04OCT2014,07OCT2014,240100100382,1,$8.90,$8.30,,99999999,2
1237238657,65213,"Carriera, Mr. Frank",06NOV1958,Orion Club Gold members,Orion Club Gold members high activity,9260122567,Belhaven Rd,Rockingham,28379,North Carolina,United States,North America,46.073056,-100.546667,04OCT2014,08OCT2014,240600100129,1,$35.70,$31.10,,99999999,3
1237238667,26687,"Janous, Ms. Jirina",21MAR1978,Orion Club Gold members,Orion Club Gold members medium activity,1650100053,Tschamlerstr.,Innsbruck,6020,,Austria,Europe,48.690833,9.140556,05OCT2014,06OCT2014,240100100723,1,$37.30,$31.20,,99999999,2
1237238681,3883,"Kerr-Newell, Mr. Dudleigh",01AUG1968,Orion Club Gold members,Orion Club Gold members high activity,1600101119,Lewis Road,Forest Lake,4078,Queensland,Australia,Oceania,-18.312778,138.515556,05OCT2014,05OCT2014,240700400013,2,$146.00,$76.10,,120180,1
1237238681,3883,"Kerr-Newell, Mr. Dudleigh",01AUG1968,Orion Club Gold members,Orion Club Gold members high activity,1600101119,Lewis Road,Forest Lake,4078,Queensland,Australia,Oceania,-18.312778,138.515556,05OCT2014,05OCT2014,240700400001,3,$199.50,$57.80,,120180,1
1237238704,4812,"Gouveros, Mr. Rai",09DEC1983,Orion Club members,Orion  Club members high activity,1600100205,Hawkesbury Road,Barcaldine,4725,Queensland,Australia,Oceania,-18.312778,138.515556,05OCT2014,05OCT2014,240200100078,2,$349.00,$181.40,,120132,1
1237238709,9521,"Maly, Ms. Robyn",28JUN1958,Orion Club members,Orion  Club members high activity,1600103329,Stoneyrise Road,Waterloo Dc,1440,New South Wales,Australia,Oceania,-18.312778,138.515556,05OCT2014,07OCT2014,240200100164,2,$112.20,$56.30,,120132,1
1237238709,9521,"Maly, Ms. Robyn",28JUN1958,Orion Club members,Orion  Club members high activity,1600103329,Stoneyrise Road,Waterloo Dc,1440,New South Wales,Australia,Oceania,-18.312778,138.515556,05OCT2014,07OCT2014,240200100007,1,$24.70,$23.60,,120132,1
1237238778,12065,"Velovski, Mr. Elton",15SEP1990,Orion Club Gold members,Orion Club Gold members high activity,1600101356,Fehre Court,Hein Marsh,5007,South Australia,Australia,Oceania,-18.312778,138.515556,05OCT2014,07OCT2014,220101400211,1,$34.90,$31.20,,99999999,2
1237238800,15124,"Geddes, Ms. Mirjana",16AUG1978,Orion Club Gold members,Orion Club Gold members medium activity,1600102536,O'Connell street,Pymble,2073,New South Wales,Australia,Oceania,-18.312778,138.515556,05OCT2014,05OCT2014,240700400003,3,$37.20,$11.20,,120178,1
1237238810,15317,"Palmero, Ms. Tatjana",14APR1938,Orion Club members,Orion  Club members high activity,1600100316,Messines Road Karori,Blacktown Bc,2148,New South Wales,Australia,Oceania,-18.312778,138.515556,05OCT2014,05OCT2014,240200200014,1,$139.60,$28.70,,120132,1
1237238814,20802,"Waugh, Ms. Mikaela",05JUL1990,Orion Club members,Orion Club members low activity,1600101549,Cochranes Road,Kingston,7150,Tasmania,Australia,Oceania,-18.312778,138.515556,05OCT2014,05OCT2014,240600100089,1,$22.00,$18.20,,120170,1
1237238816,29182,"Sailsbury, Mr. Keef",28MAY1988,Orion Club members,Orion  Club members medium activity,1600101589,Ann Street,Labrador,4215,Queensland,Australia,Oceania,-18.312778,138.515556,05OCT2014,05OCT2014,240100200006,1,$29.10,$24.60,,120124,1
1237238821,32829,"Groth, Mr. Lorraine",02JAN1978,Internet/Catalog Customers,Internet/Catalog Customers,1600102985,Canterbury Road,Sydney,1225,New South Wales,Australia,Oceania,-18.312778,138.515556,05OCT2014,08OCT2014,240100400089,2,$199.60,$97.40,,99999999,3
1237238878,40264,"Blakeley, Ms. Debbie",24SEP1943,Orion Club Gold members,Orion Club Gold members high activity,1600103464,Collins Street,Wollongong Dc,2500,New South Wales,Australia,Oceania,-18.312778,138.515556,05OCT2014,05OCT2014,230100700008,1,$514.20,$501.40,,120149,1
1237238959,49129,"Mills, Mr. Eunice",28NOV1943,Orion Club Gold members,Orion Club Gold members medium activity,1600100843,Blake St,Dalwalinu,6609,Western Australia,Australia,Oceania,-18.312778,138.515556,05OCT2014,05OCT2014,230100600038,1,$112.50,$109.90,,120149,1
1237238959,49129,"Mills, Mr. Eunice",28NOV1943,Orion Club Gold members,Orion Club Gold members medium activity,1600100843,Blake St,Dalwalinu,6609,Western Australia,Australia,Oceania,-18.312778,138.515556,05OCT2014,05OCT2014,230100500082,1,$126.10,$117.20,,120149,1
1237238964,50191,"Tran, Ms. Dodie",14MAY1943,Orion Club members,Orion  Club members high activity,1600100855,Darebin Road,Darlinghurst,2052,New South Wales,Australia,Oceania,-18.312778,138.515556,05OCT2014,10OCT2014,240100100049,1,$256.50,$256.30,,99999999,2
1237239015,56556,"Jo, Mr. Yan",26AUG1948,Orion Club Gold members,Orion Club Gold members high activity,1600100136,Albert Street,Aspley,4034,Queensland,Australia,Oceania,-18.312778,138.515556,05OCT2014,05OCT2014,240100100077,1,$138.40,$125.70,,120123,1
1237239025,57338,"Dunstall, Mr. Thanh",26JAN1953,Internet/Catalog Customers,Internet/Catalog Customers,1600101955,College Street,Milton Bc,4064,Queensland,Australia,Oceania,-18.312778,138.515556,05OCT2014,10OCT2014,240100200008,1,$32.40,$26.80,,99999999,2
1237239066,62826,"Meerza, Mr. Weng",06APR1992,Orion Club Gold members,Orion Club Gold members high activity,1600102192,Cooper Street,North Bayswater,3153,Victoria,Australia,Oceania,-18.312778,138.515556,05OCT2014,05OCT2014,240100400004,2,$204.80,$102.30,,120121,1
1237239072,62958,"Macmichael, Mr. Jonathan",11JUN1990,Orion Club Gold members,Orion Club Gold members medium activity,1600102407,Rickard Street,Parramatta,2151,New South Wales,Australia,Oceania,-18.312778,138.515556,05OCT2014,05OCT2014,240100200008,1,$32.40,$26.80,,120122,1
1237239123,70951,"Trethowen, Ms. Raewyn",20JUN1958,Orion Club members,Orion Club members low activity,1600102480,Walters Road,Phillip,2606,Australian Capital Territory,Australia,Oceania,-18.312778,138.515556,05OCT2014,10OCT2014,220100300017,1,$22.40,$21.20,,99999999,2
1237239133,71149,"Techow, Ms. Sarah",02JUN1973,Orion Club members,Orion  Club members high activity,1600102088,Frank Street,Mulgrave North,3178,Victoria,Australia,Oceania,-18.312778,138.515556,05OCT2014,05OCT2014,240700400007,3,$58.50,$17.30,,120177,1
1237239133,71149,"Techow, Ms. Sarah",02JUN1973,Orion Club members,Orion  Club members high activity,1600102088,Frank Street,Mulgrave North,3178,Victoria,Australia,Oceania,-18.312778,138.515556,05OCT2014,05OCT2014,240700100011,1,$26.99,$20.46,,120177,1
1237239146,71149,"Techow, Ms. Sarah",02JUN1973,Orion Club members,Orion  Club members high activity,1600102088,Frank Street,Mulgrave North,3178,Victoria,Australia,Oceania,-18.312778,138.515556,05OCT2014,05OCT2014,240100400069,2,$186.60,$79.90,,120123,1
1237239146,71149,"Techow, Ms. Sarah",02JUN1973,Orion Club members,Orion  Club members high activity,1600102088,Frank Street,Mulgrave North,3178,Victoria,Australia,Oceania,-18.312778,138.515556,05OCT2014,05OCT2014,240100100640,1,$13.30,$11.30,,120123,1
1237239153,74153,"Kouwenhoven, Mr. John",07JUN1988,Orion Club members,Orion Club members low activity,1600101982,City Rd,Monash Park,2111,New South Wales,Australia,Oceania,-18.312778,138.515556,05OCT2014,05OCT2014,240200100124,2,$49.00,$24.70,,120131,1
1237239169,74436,"Newport, Mr. Nick",22NOV1938,Orion Club Gold members,Orion Club Gold members medium activity,1600102015,Beattie Cres,Morphett Vale,5162,South Australia,Australia,Oceania,-18.312778,138.515556,05OCT2014,05OCT2014,220101400008,1,$8.40,$7.60,,120127,1
1237239214,78770,"Sardana, Mr. Yan",10FEB1973,Orion Club members,Orion  Club members medium activity,1600101932,Exhibition Street,Milperra,2212,New South Wales,Australia,Oceania,-18.312778,138.515556,05OCT2014,16OCT2014,240100200006,1,$29.10,$24.60,,120121,1
1237239241,79693,"Anasis, Mr. Ted",10DEC1978,Orion Club Gold members,Orion Club Gold members high activity,1600100246,St Kilda Road,Bega,2550,New South Wales,Australia,Oceania,-18.312778,138.515556,05OCT2014,06OCT2014,220100300024,1,$52.50,$48.70,,99999999,2
1237239253,82256,"Thurs, Ms. Des",25MAY1983,Orion Club Gold members,Orion Club Gold members medium activity,1600103117,Custom House Quay,Terrey Hills,2084,New South Wales,Australia,Oceania,-18.312778,138.515556,05OCT2014,06OCT2014,220100100312,1,$18.50,$18.70,,99999999,3
1237239262,82901,"Aidonidis, Ms. Vera",26JAN1943,Orion Club Gold members,Orion Club Gold members high activity,1600101277,Poplar Road,Grenfell,2810,New South Wales,Australia,Oceania,-18.312778,138.515556,05OCT2014,06OCT2014,240500200009,3,$42.30,$11.90,,120167,1
1237239434,18943,"Fredman, Ms. Florence",12MAR1953,Orion Club Gold members,Orion Club Gold members medium activity,1900107260,rue de l'Aunaie,Liège,4000,,Belgium,Europe,48.690833,9.140556,05OCT2014,07OCT2014,220100900021,2,$227.00,$109.10,,99999999,2
1237239439,21313,"Lipkens, Ms. Blaise",22AUG1958,Orion Club Gold members,Orion Club Gold members medium activity,1900100651,Langstr,Attenrode,3384,,Belgium,Europe,48.690833,9.140556,05OCT2014,07OCT2014,240100300006,1,$53.00,$46.90,,120212,1
1237239479,27423,"Deumens, Ms. Martine",13MAY1978,Orion Club members,Orion  Club members high activity,1900108862,Polderstr,Oud-Turnhout,2360,,Belgium,Europe,48.690833,9.140556,05OCT2014,05OCT2014,240500200091,1,$10.90,$10.40,,120239,1
1237239494,32556,"Lafleur, Ms. Marie-Françoise",05NOV1990,Orion Club members,Orion  Club members high activity,1900102786,av Carl Requette,Bruxelles,1080,,Belgium,Europe,48.690833,9.140556,05OCT2014,05OCT2014,240100100061,1,$14.10,$13.90,,120213,1
1237239496,35416,"Matthe, Ms. Margareta",10MAY1948,Orion Club Gold members,Orion Club Gold members high activity,1900108982,Pamelse Klei,Pamel,1760,,Belgium,Europe,48.690833,9.140556,05OCT2014,05OCT2014,240100100031,1,$3.70,$2.60,,120213,1
1237239504,47638,"Sonveaux, Mr. Roberto",16APR1983,Orion Club members,Orion  Club members high activity,1900111373,Eikenbergstr,Wilsele,3012,,Belgium,Europe,48.690833,9.140556,05OCT2014,05OCT2014,210201000054,1,$42.40,$38.50,,120217,1
1237239504,47638,"Sonveaux, Mr. Roberto",16APR1983,Orion Club members,Orion  Club members high activity,1900111373,Eikenbergstr,Wilsele,3012,,Belgium,Europe,48.690833,9.140556,05OCT2014,05OCT2014,210200200013,1,$22.80,$19.70,,120217,1
1237239552,73440,"Ternier, Mr. Roland",13APR1988,Orion Club Gold members,Orion Club Gold members high activity,1900104530,rue Pierre Ouvrard,Flobecq,7880,,Belgium,Europe,48.690833,9.140556,05OCT2014,05OCT2014,240600100127,1,$48.80,$38.60,,120244,1
1237239562,76304,"Fraschini, Ms. Dianne",06JAN1973,Orion Club members,Orion  Club members medium activity,1900101672,Gemeenschappenlaan,Brussel,1140,,Belgium,Europe,48.690833,9.140556,05OCT2014,05OCT2014,210200600106,1,$51.70,$45.30,,120217,1
1237239562,76304,"Fraschini, Ms. Dianne",06JAN1973,Orion Club members,Orion  Club members medium activity,1900101672,Gemeenschappenlaan,Brussel,1140,,Belgium,Europe,48.690833,9.140556,05OCT2014,05OCT2014,210200400087,1,$46.60,$46.80,,120217,1
1237239565,76690,"Rigaux, Ms. Gaétane",23MAY1963,Orion Club members,Orion  Club members high activity,1900107193,rue Bouille,Liège,4020,,Belgium,Europe,48.690833,9.140556,05OCT2014,05OCT2014,220100100124,1,$39.30,$39.50,,120219,1
1237239580,81663,"Myngheer, Ms. Connie",24AUG1963,Orion Club Gold members,Orion Club Gold members low activity,1900109842,Sint-Bernardusstraat,Sint-Gillis,1060,,Belgium,Europe,48.690833,9.140556,05OCT2014,05OCT2014,210201000183,1,$36.70,$33.50,,120215,1
1237239604,87981,"Vanden Bempt, Ms. Michele",14APR1988,Orion Club members,Orion  Club members high activity,1900105105,rue du Centre Cherain,Gouvy,6670,,Belgium,Europe,48.690833,9.140556,05OCT2014,05OCT2014,240700400001,1,$66.50,$57.80,,120249,1
1237239617,91214,"Daue, Mr. Mick",18OCT1988,Orion Club Gold members,Orion Club Gold members low activity,1900105201,Brusselstr,Groot-Bijgaarden,1702,,Belgium,Europe,48.690833,9.140556,05OCT2014,05OCT2014,210200500019,1,$36.10,$33.60,,120217,1
1237239623,72258,"Schweizer, Mr. Alex",17SEP1943,Internet/Catalog Customers,Internet/Catalog Customers,2600100047,Howe St,Vancouver,,British Columbia,Canada,North America,46.073056,-100.546667,05OCT2014,11OCT2014,240200100146,1,$346.30,$384.70,,99999999,3
1237239640,80691,"Cresta, Mr. Martin",19FEB1983,Orion Club Gold members,Orion Club Gold members high activity,8550100114,Bernerstr. Süd,Zürich,8036,,Switzerland,Europe,48.690833,9.140556,05OCT2014,07OCT2014,240200100119,2,$363.00,$185.50,,99999999,2
1237239646,93303,"Bianchetti, Ms. Silvia",08NOV1988,Orion Club members,Orion  Club members high activity,8550100064,Via Tesserete,Lugano - Svizzera T,S6900,,Switzerland,Europe,48.690833,9.140556,05OCT2014,09OCT2014,240200100222,1,$84.70,$84.90,,99999999,2
1237239646,93303,"Bianchetti, Ms. Silvia",08NOV1988,Orion Club members,Orion  Club members high activity,8550100064,Via Tesserete,Lugano - Svizzera T,S6900,,Switzerland,Europe,48.690833,9.140556,05OCT2014,09OCT2014,240200100218,1,$52.10,$49.40,,99999999,2
1237239653,254,"Hirsch, Ms. Enja",06MAR1968,Internet/Catalog Customers,Internet/Catalog Customers,3940102651,Alfred-Herrhausen-Allee,Eschborn,65760,Hessen,Germany,Europe,48.690833,9.140556,05OCT2014,06OCT2014,230100500013,1,$9.40,$9.50,,99999999,2
1237239670,584,"Militzer, Ms. Anja",08FEB1992,Orion Club members,Orion  Club members medium activity,3940104159,Große Elbstr.,Hamburg,22767,Hamburg,Germany,Europe,48.690833,9.140556,05OCT2014,05OCT2014,240100100434,1,$16.10,$15.80,,120438,1
1237239689,3068,"Grohe, Mr. Stephan",16NOV1992,Orion Club Gold members,Orion Club Gold members medium activity,3940105265,Felsstraße,Karlsruhe,76185,Baden-Württemberg,Germany,Europe,48.690833,9.140556,05OCT2014,05OCT2014,220101400006,1,$61.80,$46.90,,120444,1
1237239693,3189,"Richard, Mr. Dietmar",21MAR1948,Orion Club Gold members,Orion Club Gold members high activity,3940106350,Im Tambour,Ludwigsburg,71630,Baden-Württemberg,Germany,Europe,48.690833,9.140556,05OCT2014,05OCT2014,240500100046,1,$77.60,$49.70,,120476,1
1237239704,4150,"Holub, Mr. Andreas",17AUG1938,Orion Club Gold members,Orion Club Gold members high activity,3940102371,Moskauerstr.,Düsseldorf,40227,Nordrhein-Westfalen,Germany,Europe,48.690833,9.140556,05OCT2014,05OCT2014,240100100380,1,$9.20,$8.60,,120436,1
1237239721,4896,"Jeibmann, Mr. Uwe",07APR1983,Orion Club Gold members,Orion Club Gold members high activity,3940105788,Im Klapperhof,Köln,50670,Nordrhein-Westfalen,Germany,Europe,48.690833,9.140556,05OCT2014,05OCT2014,240700400001,1,$66.50,$57.80,,120493,1
1237239749,6185,"Küper, Mr. Rolf-Jürgen",05JUN1983,Orion Club Gold members,Orion Club Gold members medium activity,3940107648,Kolde-Ring,Münster,48126,Nordrhein-Westfalen,Germany,Europe,48.690833,9.140556,05OCT2014,09OCT2014,230100600022,1,$84.10,$84.30,,99999999,3
1237239752,6716,"Sack, Ms. Anja d.",11JUN1948,Orion Club members,Orion Club members low activity,3940107555,Unterbibergerstr.,München,81737,Bayern,Germany,Europe,48.690833,9.140556,05OCT2014,05OCT2014,230100700008,1,$514.20,$501.40,,120464,1
1237239755,6941,"Gilles, Ms. Ioana",17FEB1963,Orion Club Gold members,Orion Club Gold members low activity,3940100571,Brunnenstraße,Berlin,13355,Berlin,Germany,Europe,48.690833,9.140556,05OCT2014,07OCT2014,220200100098,1,$120.70,$133.00,,99999999,3
1237239765,7515,"Gerigk, Mr. Jürgen Georg",07OCT1953,Orion Club members,Orion  Club members medium activity,3940100725,Jägerstr.,Berlin,10117,Berlin,Germany,Europe,48.690833,9.140556,05OCT2014,05OCT2014,240300300055,1,$150.00,$126.10,,120453,1
1237239765,7515,"Gerigk, Mr. Jürgen Georg",07OCT1953,Orion Club members,Orion  Club members medium activity,3940100725,Jägerstr.,Berlin,10117,Berlin,Germany,Europe,48.690833,9.140556,05OCT2014,05OCT2014,240300100030,2,$967.40,$483.10,,120453,1
1237239771,7567,"Theodor, Ms. Monika",23NOV1963,Orion Club members,Orion  Club members high activity,3940103928,Im Alten Holg,Hagen,58093,Nordrhein-Westfalen,Germany,Europe,48.690833,9.140556,05OCT2014,05OCT2014,240800200002,1,$178.88,$143.10,,120507,1
1237239771,7567,"Theodor, Ms. Monika",23NOV1963,Orion Club members,Orion  Club members high activity,3940103928,Im Alten Holg,Hagen,58093,Nordrhein-Westfalen,Germany,Europe,48.690833,9.140556,05OCT2014,05OCT2014,240800100071,1,$257.10,$221.30,,120507,1
1237239778,8680,"Peiker, Mr. Michael",02JUN1938,Orion Club Gold members,Orion Club Gold members low activity,3940100839,Müllerstraße,Berlin,13342,Berlin,Germany,Europe,48.690833,9.140556,05OCT2014,07OCT2014,230100600008,1,$144.50,$141.60,,99999999,2
1237239786,9080,"Movshyn, Mr. Tim",10SEP1973,Orion Club Gold members,Orion Club Gold members medium activity,3940104092,Dammtorstr.,Hamburg,20354,Hamburg,Germany,Europe,48.690833,9.140556,05OCT2014,05OCT2014,240700400017,1,$46.00,$43.10,,120493,1
1237239786,9080,"Movshyn, Mr. Tim",10SEP1973,Orion Club Gold members,Orion Club Gold members medium activity,3940104092,Dammtorstr.,Hamburg,20354,Hamburg,Germany,Europe,48.690833,9.140556,05OCT2014,05OCT2014,240700200009,1,$28.00,$22.70,,120493,1
1237239821,9961,"Depper, Ms. Manuela",21APR1968,Orion Club members,Orion Club members low activity,3940103197,Lyonerstr.,Frankfurt am Main,60525,Hessen,Germany,Europe,48.690833,9.140556,05OCT2014,05OCT2014,240200100231,1,$8.00,$7.20,,120451,1
1237239821,9961,"Depper, Ms. Manuela",21APR1968,Orion Club members,Orion Club members low activity,3940103197,Lyonerstr.,Frankfurt am Main,60525,Hessen,Germany,Europe,48.690833,9.140556,05OCT2014,05OCT2014,240200100116,1,$219.50,$249.80,,120451,1
1237239837,12084,"Von Der Grün, Mr. Stephan",24JUN1988,Orion Club Gold members,Orion Club Gold members medium activity,3940101660,Schickhardt Straße,Böblingen,71034,Baden-Württemberg,Germany,Europe,48.690833,9.140556,05OCT2014,05OCT2014,220100300013,2,$26.40,$13.00,,120444,1
1237239837,12084,"Von Der Grün, Mr. Stephan",24JUN1988,Orion Club Gold members,Orion Club Gold members medium activity,3940101660,Schickhardt Straße,Böblingen,71034,Baden-Württemberg,Germany,Europe,48.690833,9.140556,05OCT2014,05OCT2014,220100100305,1,$57.30,$57.50,,120444,1
1237239848,13584,"Prestele, Mr. Günter",10OCT1938,Orion Club Gold members,Orion Club Gold members high activity,3940103463,Merzhauser Str.,Freiburg,79100,Baden-Württemberg,Germany,Europe,48.690833,9.140556,05OCT2014,05OCT2014,210200400012,1,$33.40,$33.60,,120442,1
1237239852,13630,"Hellermann, Mr. Dieter",23APR1988,Orion Club Gold members,Orion Club Gold members medium activity,3940107514,St.-Martinstr.,München,81541,Bayern,Germany,Europe,48.690833,9.140556,05OCT2014,05OCT2014,240800100047,1,$359.20,$299.00,,120506,1
1237239857,13942,"Mann, Mr. Olaf",02SEP1983,Orion Club Gold members,Orion Club Gold members high activity,3940107610,Anton-Bruchausen-Str.,Münster,48159,Nordrhein-Westfalen,Germany,Europe,48.690833,9.140556,05OCT2014,05OCT2014,240100400059,1,$170.80,$256.60,,120436,1
1237239857,13942,"Mann, Mr. Olaf",02SEP1983,Orion Club Gold members,Orion Club Gold members high activity,3940107610,Anton-Bruchausen-Str.,Münster,48159,Nordrhein-Westfalen,Germany,Europe,48.690833,9.140556,05OCT2014,05OCT2014,240100100083,1,$12.20,$9.90,,120436,1
1237239942,15740,"Fischer, Mr. Stefan",21APR1978,Orion Club Gold members,Orion Club Gold members high activity,3940108891,Raitbach,Schopfheim,79650,Baden-Württemberg,Germany,Europe,48.690833,9.140556,05OCT2014,05OCT2014,240100400021,2,$183.20,$91.50,,120436,1
1237239942,15740,"Fischer, Mr. Stefan",21APR1978,Orion Club Gold members,Orion Club Gold members high activity,3940108891,Raitbach,Schopfheim,79650,Baden-Württemberg,Germany,Europe,48.690833,9.140556,05OCT2014,05OCT2014,240100100031,1,$3.70,$2.60,,120436,1
1237239950,15929,"Eick, Ms. Donka d.",11MAR1968,Orion Club Gold members,Orion Club Gold members high activity,3940100303,Kaiser-Friedrich-Promenade,Bad Homburg V. D. H,61348,Saarland,Germany,Europe,48.690833,9.140556,05OCT2014,09OCT2014,220100700052,1,$118.10,$112.40,,120447,1
1237239950,15929,"Eick, Ms. Donka d.",11MAR1968,Orion Club Gold members,Orion Club Gold members high activity,3940100303,Kaiser-Friedrich-Promenade,Bad Homburg V. D. H,61348,Saarland,Germany,Europe,48.690833,9.140556,05OCT2014,09OCT2014,220100100633,1,$47.90,$48.10,,120447,1
1237239973,16253,"Eckelmann, Mr. Richard",03APR1968,Orion Club members,Orion  Club members high activity,3940107014,Obere Saarlandstraße,Mülheim An Der Ruhr,45470,Nordrhein-Westfalen,Germany,Europe,48.690833,9.140556,05OCT2014,05OCT2014,220100100340,1,$41.10,$41.30,,120444,1
1237239984,17640,"Reith, Ms. Birgitt",06AUG1968,Orion Club members,Orion  Club members medium activity,3940101085,Birkendorfers Str.,Biberach A.d. Riss,88397,Baden-Württemberg,Germany,Europe,48.690833,9.140556,05OCT2014,09OCT2014,220200300014,1,$84.20,$76.70,,99999999,2
1237240039,20067,"Reinhold, Mr. Gabor",27JUL1938,Internet/Catalog Customers,Internet/Catalog Customers,3940104194,Hellgrundweg,Hamburg,22525,Hamburg,Germany,Europe,48.690833,9.140556,05OCT2014,07OCT2014,240400300003,1,$63.50,$52.70,,99999999,2
1237240039,20067,"Reinhold, Mr. Gabor",27JUL1938,Internet/Catalog Customers,Internet/Catalog Customers,3940104194,Hellgrundweg,Hamburg,22525,Hamburg,Germany,Europe,48.690833,9.140556,05OCT2014,07OCT2014,240400200012,1,$172.30,$149.00,,99999999,2
1237240111,22125,"Terwedow, Mr. Sebastian",14DEC1973,Orion Club Gold members,Orion Club Gold members high activity,3940103575,Jakobinenstr.,Fürth,90762,Bayern,Germany,Europe,48.690833,9.140556,05OCT2014,05OCT2014,240500200114,1,$8.80,$8.30,,120478,1
1237240120,22799,"Risse, Mr. Jürgen",01JUN1953,Orion Club Gold members,Orion Club Gold members high activity,3940108737,Friedrich-Lutzmann Ring,Rüsselsheim,65423,Rheinland-Pfalz,Germany,Europe,48.690833,9.140556,05OCT2014,05OCT2014,240400300032,1,$31.90,$25.70,,120473,1
1237240125,22889,"Von Prechting, Ms. Annette",12OCT1953,Orion Club Gold members,Orion Club Gold members high activity,3940107045,Anzinger Str.,München,81671,Bayern,Germany,Europe,48.690833,9.140556,05OCT2014,05OCT2014,210200400080,1,$48.40,$48.60,,120442,1
1237240149,23479,"Ullerich, Ms. Miriam",26MAR1953,Orion Club members,Orion Club members low activity,3940101179,Ludwig-Eid-Str.,Blieskastel,66440,Saarland,Germany,Europe,48.690833,9.140556,05OCT2014,05OCT2014,220100100135,1,$35.70,$35.90,,120445,1
1237240176,24363,"Essler, Mr. Wolfram",22AUG1978,Orion Club members,Orion  Club members high activity,3940104626,Schiffgraben,Hannover,30159,Niedersachsen,Germany,Europe,48.690833,9.140556,05OCT2014,05OCT2014,240300200060,1,$23.90,$20.30,,120453,1
1237240176,24363,"Essler, Mr. Wolfram",22AUG1978,Orion Club members,Orion  Club members high activity,3940104626,Schiffgraben,Hannover,30159,Niedersachsen,Germany,Europe,48.690833,9.140556,05OCT2014,05OCT2014,240300200052,1,$41.60,$37.80,,120453,1
1237240188,24679,"Donato, Ms. Öznur",25JUN1990,Orion Club Gold members,Orion Club Gold members high activity,3940106560,Kantstr.,Mainz,55122,Rheinland-Pfalz,Germany,Europe,48.690833,9.140556,05OCT2014,05OCT2014,220200100081,1,$114.70,$114.90,,120454,1
1237240223,24706,"Reichhold, Ms. Antje",15NOV1978,Orion Club Gold members,Orion Club Gold members high activity,3940105968,Wörthstr.,Köln,50668,Nordrhein-Westfalen,Germany,Europe,48.690833,9.140556,05OCT2014,05OCT2014,240200200060,1,$184.50,$147.70,,120451,1
1237240237,25466,"Gröning, Mr. Friedemann",25AUG1968,Orion Club members,Orion  Club members medium activity,3940105979,Hermann-Heinrich-Gossenstr.,Köln (Marsdorf),50858,Berlin,Germany,Europe,48.690833,9.140556,05OCT2014,05OCT2014,240700400011,1,$18.80,$17.10,,120492,1
1237240285,26185,"Häbich, Ms. Sandra",10JAN1983,Orion Club Gold members,Orion Club Gold members medium activity,3940107320,Leopoldstr.,München,80802,Bayern,Germany,Europe,48.690833,9.140556,05OCT2014,05OCT2014,220200200059,1,$136.70,$124.60,,120454,1
1237240290,26468,"Schächer, Mr. Axel",14JUN1953,Orion Club members,Orion Club members low activity,3940108107,Ingolstädter Landstr.,Oberschleißheim,85758,Bayern,Germany,Europe,48.690833,9.140556,05OCT2014,05OCT2014,240200200019,2,$294.40,$27.70,,120450,1
1237240290,26468,"Schächer, Mr. Axel",14JUN1953,Orion Club members,Orion Club members low activity,3940108107,Ingolstädter Landstr.,Oberschleißheim,85758,Bayern,Germany,Europe,48.690833,9.140556,05OCT2014,05OCT2014,240200100007,1,$24.70,$23.60,,120450,1
1237240295,26898,"Mättner, Ms. Roberta",25NOV1948,Orion Club members,Orion  Club members medium activity,3940108921,Sodenerstr.,Schwalbach am Taunu,65824,Saarland,Germany,Europe,48.690833,9.140556,05OCT2014,05OCT2014,240500200143,1,$20.80,$19.80,,120476,1
1237240295,26898,"Mättner, Ms. Roberta",25NOV1948,Orion Club members,Orion  Club members medium activity,3940108921,Sodenerstr.,Schwalbach am Taunu,65824,Saarland,Germany,Europe,48.690833,9.140556,05OCT2014,05OCT2014,240500100044,1,$71.20,$57.00,,120476,1
1237240300,27039,"Hollich, Mr. Lothar J.",19JAN1963,Orion Club Gold members,Orion Club Gold members high activity,3940101808,Hochschulstr.,Darmstadt,64289,Hessen,Germany,Europe,48.690833,9.140556,05OCT2014,06OCT2014,220101300006,1,$27.30,$24.50,,120446,1
1237240329,27753,"Frey, Mr. Kare",06JUN1983,Orion Club Gold members,Orion Club Gold members high activity,3940109100,Martinstraße,Solingen,42646,Nordrhein-Westfalen,Germany,Europe,48.690833,9.140556,05OCT2014,05OCT2014,240100100159,1,$31.40,$27.80,,120435,1
1237240356,28370,"Schultheiß, Ms. Martina",11MAR1990,Orion Club members,Orion  Club members high activity,3940108659,am Dyxmannshof,Rommerskirchen,41569,Berlin,Germany,Europe,48.690833,9.140556,05OCT2014,05OCT2014,220100100320,1,$66.10,$62.90,,120444,1
1237240357,28430,"Lücken, Mr. Oliver",17SEP1968,Orion Club Gold members,Orion Club Gold members low activity,3940103087,Hahnstr.,Frankfurt am Main,60528,Hessen,Germany,Europe,48.690833,9.140556,05OCT2014,05OCT2014,240500200077,1,$53.20,$44.30,,120483,1
1237240366,28588,"Tasel, Mr. Hartmut",07MAR1978,Orion Club Gold members,Orion Club Gold members medium activity,3940101561,Theodor Heuss Allee,Bremen,28215,Bremen,Germany,Europe,48.690833,9.140556,05OCT2014,05OCT2014,240100200008,1,$32.40,$26.80,,120439,1
1237240441,30899,"Nollenberger, Ms. Ivette",08SEP1990,Orion Club members,Orion  Club members medium activity,3940106003,Dr.-Albert-Reimann-Str.,Ladenburg,68526,Baden-Württemberg,Germany,Europe,48.690833,9.140556,05OCT2014,19OCT2014,240500200033,2,$65.20,$27.20,,120477,1
1237240458,32254,"Quack, Mr. Heinz-Günter",20JUL1988,Orion Club Gold members,Orion Club Gold members medium activity,3940100238,Robert-Bosch-Str.,Augsburg,74176,Bayern,Germany,Europe,48.690833,9.140556,05OCT2014,05OCT2014,240100400037,1,$231.00,$227.30,,120435,1
1237240466,32282,"Bach, Mr. Stephan",27MAR1983,Orion Club members,Orion  Club members medium activity,3940109000,Crailsheimer Straße,Schwäbisch Hall,74520,Baden-Württemberg,Germany,Europe,48.690833,9.140556,05OCT2014,08OCT2014,220200300096,1,$172.50,$157.00,,99999999,2
1237240499,33612,"Krajzar, Ms. Kathy K.",26FEB1992,Orion Club members,Orion  Club members medium activity,3940108013,Parsifalstr.,Nürnberg,90461,Bayern,Germany,Europe,48.690833,9.140556,05OCT2014,05OCT2014,240600100107,1,$26.40,$23.60,,120488,1
1237240509,34856,"Kißling, Ms. Anna",03MAR1978,Orion Club Gold members,Orion Club Gold members high activity,3940102979,Darmstädter Landstr.,Frankfurt am Main,60598,Hessen,Germany,Europe,48.690833,9.140556,05OCT2014,05OCT2014,240800100045,1,$228.20,$194.10,,120507,1
1237240551,36672,"Maletzki, Mr. Herbert",15MAR1943,Internet/Catalog Customers,Internet/Catalog Customers,3940106788,am Klopferspitz,Martinsried,82152,Bayern,Germany,Europe,48.690833,9.140556,05OCT2014,10OCT2014,230100600005,1,$129.80,$126.40,,99999999,2
1237240591,39167,"Gebhardt, Mr. Erwin",24FEB1943,Orion Club Gold members,Orion Club Gold members high activity,3940107785,Berliner Platz,Neumünster,24534,Schleswig-Holstein,Germany,Europe,48.690833,9.140556,05OCT2014,05OCT2014,230100100025,1,$30.30,$26.30,,120467,1
1237240599,39291,"Tröger, Mr. Thomas A.",02DEC1973,Orion Club members,Orion  Club members medium activity,3940106423,Windmühlenweg,Löhne,32584,Niedersachsen,Germany,Europe,48.690833,9.140556,05OCT2014,05OCT2014,230100500096,1,$35.50,$34.50,,120459,1
1237240604,39783,"Tiffe, Mr. Midhad",20AUG1978,Orion Club members,Orion Club members low activity,3940108856,Asenbachstr.,Schalksmühle,58579,Bremen,Germany,Europe,48.690833,9.140556,05OCT2014,05OCT2014,230100100006,1,$176.00,$149.10,,120460,1
1237240631,40198,"Belverato, Mr. Michael",14APR1990,Orion Club Gold members,Orion Club Gold members high activity,3940108283,Heinz-Nixdorf-Ring,Paderborn,33106,Nordrhein-Westfalen,Germany,Europe,48.690833,9.140556,05OCT2014,05OCT2014,220200200085,1,$42.60,$37.00,,120457,1
1237240639,41343,"Schüßler, Ms. Elisabeth",27DEC1990,Orion Club members,Orion Club members low activity,3940101059,Takusstraße,Berlin-Dahlem,14195,Berlin,Germany,Europe,48.690833,9.140556,05OCT2014,05OCT2014,210200400002,1,$41.80,$42.00,,120442,1
1237240648,41416,"Heckhoff, Ms. Sabine",15MAR1938,Orion Club Gold members,Orion Club Gold members medium activity,3940109214,Breitscheidstr.,Stuttgart,70176,Baden-Württemberg,Germany,Europe,48.690833,9.140556,05OCT2014,05OCT2014,240600100170,1,$23.70,$20.00,,120489,1
1237240648,41416,"Heckhoff, Ms. Sabine",15MAR1938,Orion Club Gold members,Orion Club Gold members medium activity,3940109214,Breitscheidstr.,Stuttgart,70176,Baden-Württemberg,Germany,Europe,48.690833,9.140556,05OCT2014,05OCT2014,240600100042,1,$19.80,$16.10,,120489,1
1237240658,41498,"Sperling, Ms. Tatjana",21JAN1973,Orion Club members,Orion Club members low activity,3940102707,Friedrich-List-Straße,Essen,45128,Nordrhein-Westfalen,Germany,Europe,48.690833,9.140556,05OCT2014,05OCT2014,220100100285,1,$73.40,$73.60,,120444,1
1237240668,42052,"Kerschl, Mr. Werner",28JUN1983,Orion Club Gold members,Orion Club Gold members medium activity,3940101957,Emil-Figgestr.,Dortmund,44227,Nordrhein-Westfalen,Germany,Europe,48.690833,9.140556,05OCT2014,05OCT2014,230100100051,1,$184.90,$156.30,,120460,1
1237240674,42545,"Gräf-Gaul, Ms. Ulrike",22MAR1958,Internet/Catalog Customers,Internet/Catalog Customers,3940101041,am Borsigturm,Berlin,13507,Berlin,Germany,Europe,48.690833,9.140556,05OCT2014,08OCT2014,230100500080,1,$25.00,$24.40,,99999999,2
1237240677,43561,"Belkahia, Ms. Inessa",28AUG1978,Orion Club members,Orion  Club members medium activity,3940103906,Lindenplatz,Haar Bei München,85540,Bayern,Germany,Europe,48.690833,9.140556,05OCT2014,05OCT2014,240500200121,1,$27.60,$26.30,,120477,1
1237240693,45373,"Kocks, Mr. Andreas",28AUG1990,Orion Club members,Orion  Club members high activity,3940105420,am Weiher,Kelsterbach,65451,Hessen,Germany,Europe,48.690833,9.140556,05OCT2014,06OCT2014,220200300161,1,$22.60,$19.30,,99999999,3
1237240741,48083,"Dobrig, Mr. Reinhard",05DEC1968,Orion Club members,Orion  Club members high activity,3940108068,Äußere Bayreutherstr.,Nürnberg,90409,Bayern,Germany,Europe,48.690833,9.140556,05OCT2014,05OCT2014,240700300002,3,$65.97,$14.50,,120494,1
1237240747,48254,"Noack, Mr. Fritz-Peter",09MAY1958,Orion Club Gold members,Orion Club Gold members medium activity,3940104703,Bergheimerstr.,Heidelberg,69115,Baden-Württemberg,Germany,Europe,48.690833,9.140556,05OCT2014,05OCT2014,220100800052,1,$90.50,$86.30,,120444,1
1237240768,49583,"Klautke, Ms. Rayma",14SEP1978,Orion Club Gold members,Orion Club Gold members high activity,3940103629,Jahnstr.,Geisenheim-Johannis,65163,Berlin,Germany,Europe,48.690833,9.140556,05OCT2014,05OCT2014,230100600008,1,$144.50,$141.60,,120460,1
1237240768,49583,"Klautke, Ms. Rayma",14SEP1978,Orion Club Gold members,Orion Club Gold members high activity,3940103629,Jahnstr.,Geisenheim-Johannis,65163,Berlin,Germany,Europe,48.690833,9.140556,05OCT2014,05OCT2014,230100200019,1,$199.10,$191.30,,120460,1
1237240780,50569,"Forgber, Ms. Maygret",24APR1983,Orion Club Gold members,Orion Club Gold members high activity,3940101780,Eschenweg,Dahlewitz,15827,Bremen,Germany,Europe,48.690833,9.140556,05OCT2014,05OCT2014,240800200043,1,$44.70,$39.00,,120509,1
1237240787,50957,"Johansen, Mr. Peter",03SEP1973,Orion Club Gold members,Orion Club Gold members low activity,3940106032,Waffenstr.,Landau/Pfalz,76829,Rheinland-Pfalz,Germany,Europe,48.690833,9.140556,05OCT2014,06OCT2014,240300300046,1,$77.20,$77.40,,99999999,2
1237240787,50957,"Johansen, Mr. Peter",03SEP1973,Orion Club Gold members,Orion Club Gold members low activity,3940106032,Waffenstr.,Landau/Pfalz,76829,Rheinland-Pfalz,Germany,Europe,48.690833,9.140556,05OCT2014,06OCT2014,240300100015,1,$36.40,$35.10,,99999999,2
1237240842,53306,"Schreml, Ms. Ludmila",25JUN1978,Orion Club Gold members,Orion Club Gold members high activity,3940100218,Hoher Weg,Augsburg,86152,Bayern,Germany,Europe,48.690833,9.140556,05OCT2014,05OCT2014,240100400041,1,$23.60,$21.80,,120435,1
1237240844,53600,"Kurian, Ms. Van Nghia",26JAN1963,Orion Club members,Orion  Club members medium activity,3940100620,Eichhornstr.,Berlin,10785,Berlin,Germany,Europe,48.690833,9.140556,05OCT2014,09OCT2014,240400200003,1,$6.20,$6.00,,99999999,2
1237240851,55292,"Kleefisch, Ms. Gabriele",11AUG1948,Orion Club members,Orion  Club members high activity,3940108991,Mühldorferstr.,Schwindegg,84419,Saarland,Germany,Europe,48.690833,9.140556,05OCT2014,05OCT2014,220200300044,1,$42.40,$38.50,,120454,1
1237240856,55482,"Scheeren, Ms. Edith",26DEC1958,Orion Club members,Orion  Club members medium activity,3940109266,Hauptstätterstr.,Stuttgart,70178,Baden-Württemberg,Germany,Europe,48.690833,9.140556,05OCT2014,05OCT2014,230100600005,1,$129.80,$126.40,,120461,1
1237240856,55482,"Scheeren, Ms. Edith",26DEC1958,Orion Club members,Orion  Club members medium activity,3940109266,Hauptstätterstr.,Stuttgart,70178,Baden-Württemberg,Germany,Europe,48.690833,9.140556,05OCT2014,05OCT2014,230100100002,2,$401.40,$170.70,,120461,1
1237240869,56267,"Gante, Ms. Kirsten",24MAY1978,Orion Club Gold members,Orion Club Gold members low activity,3940108760,Dudweilerstr.,Saarbrücken,66111,Saarland,Germany,Europe,48.690833,9.140556,05OCT2014,05OCT2014,240700400002,1,$33.60,$29.30,,120492,1
1237240877,56288,"Boeger, Mr. Klaus",14APR1948,Orion Club members,Orion  Club members medium activity,3940107489,Schluderstr.,München,80634,Bayern,Germany,Europe,48.690833,9.140556,05OCT2014,05OCT2014,220100400006,1,$113.90,$114.10,,120445,1
1237240877,56288,"Boeger, Mr. Klaus",14APR1948,Orion Club members,Orion  Club members medium activity,3940107489,Schluderstr.,München,80634,Bayern,Germany,Europe,48.690833,9.140556,05OCT2014,05OCT2014,220100100223,1,$48.00,$48.20,,120445,1
1237240889,56618,"Selmair, Ms. Juliane P.",23DEC1973,Internet/Catalog Customers,Internet/Catalog Customers,3940105451,Bunsenstr.,Kiel,24145,Schleswig-Holstein,Germany,Europe,48.690833,9.140556,05OCT2014,08OCT2014,220200300083,1,$53.00,$53.20,,99999999,3
1237240916,57678,"Kolk, Ms. Inga",08AUG1973,Orion Club Gold members,Orion Club Gold members low activity,3940101283,Godesberger-Allee,Bonn,53175,Nordrhein-Westfalen,Germany,Europe,48.690833,9.140556,05OCT2014,05OCT2014,240100300005,1,$45.00,$38.40,,120436,1
1237240916,57678,"Kolk, Ms. Inga",08AUG1973,Orion Club Gold members,Orion Club Gold members low activity,3940101283,Godesberger-Allee,Bonn,53175,Nordrhein-Westfalen,Germany,Europe,48.690833,9.140556,05OCT2014,05OCT2014,240100100507,1,$46.00,$36.70,,120436,1
1237240928,57860,"Seeger, Mr. Walter",05JAN1988,Orion Club Gold members,Orion Club Gold members low activity,3940110198,In Der Fleute,Wuppertal,42389,Nordrhein-Westfalen,Germany,Europe,48.690833,9.140556,05OCT2014,05OCT2014,240700400036,1,$6.20,$5.50,,120494,1
1237240934,58047,"Berger, Mr. Christoph",21SEP1953,Orion Club members,Orion  Club members high activity,3940105042,Bachstr.,Ibbenbüren,49477,Nordrhein-Westfalen,Germany,Europe,48.690833,9.140556,05OCT2014,05OCT2014,240700400026,1,$18.60,$17.00,,120493,1
1237240934,58047,"Berger, Mr. Christoph",21SEP1953,Orion Club members,Orion  Club members high activity,3940105042,Bachstr.,Ibbenbüren,49477,Nordrhein-Westfalen,Germany,Europe,48.690833,9.140556,05OCT2014,05OCT2014,240700100004,1,$26.60,$27.50,,120493,1
1237240968,59960,"Krischbach, Mr. Eckart",19AUG1968,Orion Club members,Orion  Club members medium activity,3940106640,Friedrich-König-Str.,Mannheim,68167,Baden-Württemberg,Germany,Europe,48.690833,9.140556,05OCT2014,05OCT2014,240100100378,1,$14.80,$14.60,,120435,1
1237240978,60487,"Von Arnim, Mr. Eberhard",22JAN1963,Orion Club Gold members,Orion Club Gold members high activity,3940108229,Albrechtstr.,Osnabrück,49076,Niedersachsen,Germany,Europe,48.690833,9.140556,05OCT2014,05OCT2014,240700400034,1,$14.20,$12.70,,120490,1
1237240978,60487,"Von Arnim, Mr. Eberhard",22JAN1963,Orion Club Gold members,Orion Club Gold members high activity,3940108229,Albrechtstr.,Osnabrück,49076,Niedersachsen,Germany,Europe,48.690833,9.140556,05OCT2014,05OCT2014,240700400030,1,$22.90,$19.90,,120490,1
1237241008,61434,"Creuels, Mr. Burkhard",10MAY1978,Internet/Catalog Customers,Internet/Catalog Customers,3940100789,Lindenstr.,Berlin,10099,Berlin,Germany,Europe,48.690833,9.140556,05OCT2014,09OCT2014,230100700002,1,$220.00,$270.00,,99999999,2
1237241016,61473,"Hoy, Ms. Ann Marie",27MAR1988,Orion Club Gold members,Orion Club Gold members high activity,3940100640,Fehrbelliner Platz,Berlin,10702,Berlin,Germany,Europe,48.690833,9.140556,05OCT2014,05OCT2014,220101400113,1,$37.80,$34.40,,120445,1
1237241041,62618,"Carmona, Ms. Ulrike",09MAR1990,Orion Club Gold members,Orion Club Gold members high activity,3940102302,Herzogstr.,Düsseldorf,40217,Nordrhein-Westfalen,Germany,Europe,48.690833,9.140556,05OCT2014,05OCT2014,220100100275,1,$35.20,$35.40,,120446,1
1237241050,63640,"Thullner, Ms. Catrin",26AUG1978,Orion Club members,Orion  Club members medium activity,3940109558,Kürenzerstr.,Trier,54292,Rheinland-Pfalz,Germany,Europe,48.690833,9.140556,05OCT2014,05OCT2014,230100300020,1,$42.70,$35.80,,120465,1
1237241068,65069,"Scheibner, Ms. Annett",22FEB1948,Orion Club Gold members,Orion Club Gold members high activity,3940100598,Charlottenstr.,Berlin,10117,Berlin,Germany,Europe,48.690833,9.140556,05OCT2014,05OCT2014,220100100124,1,$39.30,$39.50,,120447,1
1237241092,3251,"Vinholt, Mr. Jesper Bildsøe",25JUL1988,Orion Club Gold members,Orion Club Gold members low activity,3150112767,Møllevangs Alle,Århus V,8210,,Denmark,Europe,48.690833,9.140556,05OCT2014,05OCT2014,240500200016,2,$63.40,$29.00,,120318,1
1237241107,3367,"Sekunda, Ms. Ketty Solveig",21APR1963,Orion Club Gold members,Orion Club Gold members high activity,3150105867,Sønderhavevej,Kettinge,4892,,Denmark,Europe,48.690833,9.140556,05OCT2014,05OCT2014,240300300004,1,$65.20,$54.70,,120301,1
1237241107,3367,"Sekunda, Ms. Ketty Solveig",21APR1963,Orion Club Gold members,Orion Club Gold members high activity,3150105867,Sønderhavevej,Kettinge,4892,,Denmark,Europe,48.690833,9.140556,05OCT2014,05OCT2014,240300200052,2,$83.20,$37.80,,120301,1
1237241144,39489,"Dudek, Mr. Rene Wennergaard",08NOV1990,Orion Club Gold members,Orion Club Gold members high activity,3150100215,Godtgemt,Aalborg SV,9200,,Denmark,Europe,48.690833,9.140556,05OCT2014,05OCT2014,240800200020,1,$183.60,$167.00,,120329,1
1237241150,44398,"Wellendorf, Mr. Jørn Lodbjerg",03JAN1968,Orion Club members,Orion Club members low activity,3150108602,Smedegade,Ribe,6760,,Denmark,Europe,48.690833,9.140556,05OCT2014,05OCT2014,230100100035,1,$70.80,$59.60,,120309,1
1237241157,55985,"Bendz, Mr. Johannes Møller",11DEC1938,Orion Club members,Orion Club members low activity,3150104991,Gartnervænget,Humble,5932,,Denmark,Europe,48.690833,9.140556,05OCT2014,05OCT2014,230100600022,1,$84.10,$84.30,,120307,1
1237241191,76395,"Høgsholt, Ms. Vita Frausing",15JUL1948,Orion Club members,Orion Club members low activity,3150106872,Slædesporet,Læsø,9940,,Denmark,Europe,48.690833,9.140556,05OCT2014,05OCT2014,240200100007,1,$24.70,$23.60,,120300,1
1237241192,77911,"Keiser-Nielsen, Mr. Ivan Wennerstrøm",07JUL1968,Orion Club members,Orion  Club members medium activity,3150100918,Kristinesvej,Blokhus,9492,,Denmark,Europe,48.690833,9.140556,05OCT2014,05OCT2014,240100100127,1,$34.70,$30.90,,120292,1
1237241196,80965,"Rystok, Mr. Kim Brun",23AUG1968,Orion Club members,Orion  Club members medium activity,3150106484,Godsbanegade,København V,1722,,Denmark,Europe,48.690833,9.140556,05OCT2014,07OCT2014,240100400004,1,$102.40,$102.30,,120294,1
1237241196,80965,"Rystok, Mr. Kim Brun",23AUG1968,Orion Club members,Orion  Club members medium activity,3150106484,Godsbanegade,København V,1722,,Denmark,Europe,48.690833,9.140556,05OCT2014,07OCT2014,240100100185,1,$171.90,$160.40,,120294,1
1237241199,83754,"Berg-Sørensen, Mr. Anders Vagn",18NOV1988,Orion Club members,Orion  Club members medium activity,3150102574,Hans Futtrups Sti,Frederiksværk,3300,,Denmark,Europe,48.690833,9.140556,05OCT2014,05OCT2014,240200100170,1,$14.60,$12.30,,120300,1
1237241204,83903,"Skau, Ms. Nina Eva",09MAR1978,Orion Club members,Orion  Club members high activity,3150112487,Skovvej,Vorbasse,6623,,Denmark,Europe,48.690833,9.140556,05OCT2014,06OCT2014,240500200093,1,$41.70,$39.50,,99999999,2
1237241213,88734,"Vacherhausen, Mr. Bent Dyrmose",12NOV1968,Orion Club members,Orion  Club members high activity,3150105352,Hjortevej,Hørsholm,2970,,Denmark,Europe,48.690833,9.140556,05OCT2014,05OCT2014,240400200061,1,$12.00,$12.10,,120313,1
1237241213,88734,"Vacherhausen, Mr. Bent Dyrmose",12NOV1968,Orion Club members,Orion  Club members high activity,3150105352,Hjortevej,Hørsholm,2970,,Denmark,Europe,48.690833,9.140556,05OCT2014,05OCT2014,240400100003,1,$20.60,$14.70,,120313,1
1237241246,90962,"Omø, Ms. Mona Lise",07NOV1990,Orion Club Gold members,Orion Club Gold members high activity,3150103623,Thaliavej,Hadsund,9560,,Denmark,Europe,48.690833,9.140556,05OCT2014,05OCT2014,220101400102,1,$23.60,$21.60,,120297,1
1237241261,486,"Parra Fernández Pacheco, Ms. Cristina",04NOV1983,Orion Club Gold members,Orion Club Gold members high activity,8300100495,C. Don Ramón de la Cruz,Madrid,28001,"Madrid, Comunidad de",Spain,Europe,48.690833,9.140556,05OCT2014,05OCT2014,240600100165,1,$22.80,$19.50,,120865,1
1237241261,486,"Parra Fernández Pacheco, Ms. Cristina",04NOV1983,Orion Club Gold members,Orion Club Gold members high activity,8300100495,C. Don Ramón de la Cruz,Madrid,28001,"Madrid, Comunidad de",Spain,Europe,48.690833,9.140556,05OCT2014,05OCT2014,240600100115,1,$47.90,$40.00,,120865,1
1237241286,3819,"López Artiles, Mr. Rafael",27OCT1992,Orion Club Gold members,Orion Club Gold members high activity,8300100429,C. Alcalá,Madrid,28009,"Madrid, Comunidad de",Spain,Europe,48.690833,9.140556,05OCT2014,05OCT2014,240100200008,1,$32.40,$26.80,,120830,1
1237241326,8343,"Jiménez, Ms. Elena",28JAN1948,Orion Club Gold members,Orion Club Gold members medium activity,8300100938,C. Américo Vespucio,Sevilla,41092,Andalucia,Spain,Europe,48.690833,9.140556,05OCT2014,05OCT2014,240100300001,1,$36.10,$36.40,,120829,1
1237241334,8536,"Sánchez Fueyo, Mr. Iñaki",23SEP1953,Orion Club members,Orion Club members low activity,8300100558,C. José Abascal,Madrid,28003,"Madrid, Comunidad de",Spain,Europe,48.690833,9.140556,05OCT2014,05OCT2014,240600100042,1,$19.80,$16.10,,120864,1
1237241358,10970,"Morán Alaez, Mr. Jorge Antonio",17JUL1988,Orion Club Gold members,Orion Club Gold members low activity,8300100688,C. Serrano,Madrid,28001,"Madrid, Comunidad de",Spain,Europe,48.690833,9.140556,05OCT2014,10OCT2014,230100100045,1,$124.80,$107.20,,99999999,2
1237241370,11528,"Roade Chas, Ms. Rosa",15AUG1958,Orion Club members,Orion  Club members medium activity,8300100915,C. Ripolles,Santa Perpetua de M,08130,Cataluna,Spain,Europe,48.690833,9.140556,05OCT2014,14OCT2014,240600100004,1,$57.10,$47.30,,120865,1
1237241382,12540,"Botello, Ms. Domi",14JAN1968,Orion Club Gold members,Orion Club Gold members high activity,8300100233,C. Henao,Bilbao,48009,Pais Vasco,Spain,Europe,48.690833,9.140556,05OCT2014,05OCT2014,210201000109,1,$24.40,$22.10,,120832,1
1237241382,12540,"Botello, Ms. Domi",14JAN1968,Orion Club Gold members,Orion Club Gold members high activity,8300100233,C. Henao,Bilbao,48009,Pais Vasco,Spain,Europe,48.690833,9.140556,05OCT2014,05OCT2014,210200100013,1,$42.30,$37.70,,120832,1
1237241394,15578,"Villanueva, Mr. Enrique",13MAY1988,Orion Club members,Orion  Club members medium activity,8300100638,C. Pelayo,Madrid,28004,"Madrid, Comunidad de",Spain,Europe,48.690833,9.140556,05OCT2014,05OCT2014,240100400070,1,$175.90,$255.90,,120829,1
1237241400,17179,"Dalmases Rovira, Ms. Soledad",23JUL1978,Orion Club members,Orion  Club members high activity,8300100099,C. Aribau,Barcelona,08021,Cataluna,Spain,Europe,48.690833,9.140556,05OCT2014,05OCT2014,240200100077,1,$149.10,$181.40,,120837,1
1237241435,24422,"Jiménez Sanz, Ms. Rocío",19JAN1992,Orion Club Gold members,Orion Club Gold members high activity,8300100888,C. Lanzarote,San Sebastián de Lo,28700,Pais Vasco,Spain,Europe,48.690833,9.140556,05OCT2014,05OCT2014,240100400089,1,$99.80,$97.40,,120827,1
1237241461,26398,"Fernández de Gorostiza, Mr. Juan Ramón",05JUN1992,Orion Club members,Orion  Club members high activity,8300100682,C. Santa Hortensia,Madrid,28002,"Madrid, Comunidad de",Spain,Europe,48.690833,9.140556,05OCT2014,05OCT2014,240100200014,1,$55.40,$45.60,,120830,1
1237241504,28255,"Sánchez Rehecho, Mr. Carlos",16JUN1963,Orion Club members,Orion Club members low activity,8300100472,C. Castelló,Madrid,28001,"Madrid, Comunidad de",Spain,Europe,48.690833,9.140556,05OCT2014,05OCT2014,220200200039,1,$95.50,$87.10,,120842,1
1237241512,29294,"Tello, Mr. Fernando",25DEC1963,Orion Club Gold members,Orion Club Gold members high activity,8300100028,C. Anabel Segura,Alcobendas,28100,"Madrid, Comunidad de",Spain,Europe,48.690833,9.140556,05OCT2014,09OCT2014,240600100029,1,$29.20,$20.60,,99999999,2
1237241532,36424,"Pérez Huerta, Mr. José Luis",06JUN1963,Orion Club members,Orion  Club members high activity,8300100264,Ronda Can Fatjó,Cerdanyola,08290,Castilla Y Leon,Spain,Europe,48.690833,9.140556,05OCT2014,10OCT2014,220101300005,1,$26.90,$24.00,,99999999,2
1237241535,40838,"Tomaino Beltrami, Ms. Eva Isabel",25SEP1978,Orion Club members,Orion Club members low activity,8300100915,C. Ripolles,Santa Perpetua de M,08130,Cataluna,Spain,Europe,48.690833,9.140556,05OCT2014,07OCT2014,240400300035,1,$19.10,$15.40,,99999999,2
1237241535,40838,"Tomaino Beltrami, Ms. Eva Isabel",25SEP1978,Orion Club members,Orion Club members low activity,8300100915,C. Ripolles,Santa Perpetua de M,08130,Cataluna,Spain,Europe,48.690833,9.140556,05OCT2014,07OCT2014,240400300025,1,$80.80,$70.20,,99999999,2
1237241557,41400,"Gandullo, Mr. Francisco",16MAY1953,Internet/Catalog Customers,Internet/Catalog Customers,8300100853,C. Saturno,Pozuelo de Alarcón,28224,"Madrid, Comunidad de",Spain,Europe,48.690833,9.140556,05OCT2014,07OCT2014,240200100040,1,$21.80,$22.00,,99999999,2
1237241604,41973,"Sánchez, Mr. Martin",07JUL1953,Orion Club Gold members,Orion Club Gold members high activity,8300100627,C. Orense,Madrid,28020,"Madrid, Comunidad de",Spain,Europe,48.690833,9.140556,05OCT2014,05OCT2014,240600100115,1,$47.90,$40.00,,120864,1
1237241632,43925,"Fajardo, Ms. Yolanda",04AUG1983,Internet/Catalog Customers,Internet/Catalog Customers,8300100307,C. León,Fuenlabrada,28947,"Madrid, Comunidad de",Spain,Europe,48.690833,9.140556,05OCT2014,06OCT2014,240600100089,1,$22.00,$18.20,,99999999,2
1237241670,44824,"Pérez Merino, Mr. David",10OCT1953,Orion Club Gold members,Orion Club Gold members medium activity,8300100268,Av. De Los Reyes,Colmenar Viejo,28770,"Madrid, Comunidad de",Spain,Europe,48.690833,9.140556,05OCT2014,05OCT2014,240100300006,1,$53.00,$46.90,,120827,1
1237241677,55244,"Lynn, Mr. Fancisco",18APR1963,Orion Club members,Orion  Club members medium activity,8300100388,Av. De América,Madrid,28002,"Madrid, Comunidad de",Spain,Europe,48.690833,9.140556,05OCT2014,05OCT2014,220101400265,1,$37.10,$33.10,,120836,1
1237241677,55244,"Lynn, Mr. Fancisco",18APR1963,Orion Club members,Orion  Club members medium activity,8300100388,Av. De América,Madrid,28002,"Madrid, Comunidad de",Spain,Europe,48.690833,9.140556,05OCT2014,05OCT2014,220100100312,1,$18.50,$18.70,,120836,1
1237241682,55989,"Trucharte Artigas, Ms. María Elena",09SEP1978,Orion Club members,Orion Club members low activity,8300100361,C. Ordoño Ii,León,24001,Castilla Y Leon,Spain,Europe,48.690833,9.140556,05OCT2014,05OCT2014,220200200011,1,$86.20,$78.50,,120847,1
1237241693,57600,"Ríos, Mr. Ricardo",17JUL1992,Orion Club Gold members,Orion Club Gold members medium activity,8300100444,C. Antonio Maura,Madrid,28014,"Madrid, Comunidad de",Spain,Europe,48.690833,9.140556,05OCT2014,05OCT2014,210200300074,1,$23.40,$23.60,,120832,1
1237241698,57691,"Poveda Martínez, Mr. Asier",06MAR1990,Orion Club Gold members,Orion Club Gold members medium activity,8300100123,C. Foc,Barcelona,08038,Cataluna,Spain,Europe,48.690833,9.140556,05OCT2014,18OCT2014,230100600005,1,$129.80,$126.40,,99999999,2
1237241698,57691,"Poveda Martínez, Mr. Asier",06MAR1990,Orion Club Gold members,Orion Club Gold members medium activity,8300100123,C. Foc,Barcelona,08038,Cataluna,Spain,Europe,48.690833,9.140556,05OCT2014,18OCT2014,230100500096,1,$35.50,$34.50,,99999999,2
1237241698,57691,"Poveda Martínez, Mr. Asier",06MAR1990,Orion Club Gold members,Orion Club Gold members medium activity,8300100123,C. Foc,Barcelona,08038,Cataluna,Spain,Europe,48.690833,9.140556,05OCT2014,18OCT2014,230100500056,1,$8.00,$7.00,,99999999,2
1237241714,58589,"Contrasta Briñas, Mr. José Manuel",18FEB1992,Orion Club members,Orion Club members low activity,8300100625,C. Ochandiano,Madrid,28023,"Madrid, Comunidad de",Spain,Europe,48.690833,9.140556,05OCT2014,05OCT2014,220100100164,1,$69.50,$69.70,,120836,1
1237241770,62943,"Blanco, Mr. José Luis",28JUL1958,Orion Club Gold members,Orion Club Gold members low activity,8300100861,C. Prudenci Bertrana,Reus,43206,Cataluna,Spain,Europe,48.690833,9.140556,05OCT2014,05OCT2014,210201100008,1,$23.90,$20.90,,120832,1
1237241852,72183,"Ruiz Manrique, Ms. Teresa",13AUG1943,Orion Club members,Orion Club members low activity,8300100776,Plaza de España,Madrid,280008,"Madrid, Comunidad de",Spain,Europe,48.690833,9.140556,05OCT2014,05OCT2014,240600100127,1,$48.80,$38.60,,120863,1
1237241862,72781,"Parrondo Rodríguez, Ms. Montserrat",08AUG1990,Orion Club Gold members,Orion Club Gold members medium activity,8300100141,C. Llacuna,Barcelona,08018,Cataluna,Spain,Europe,48.690833,9.140556,05OCT2014,10OCT2014,240200100066,1,$312.30,$303.90,,99999999,2
1237241897,72915,"Ruiz Ruiz, Mr. José María",25AUG1990,Orion Club Gold members,Orion Club Gold members high activity,8300100126,C. General Almirante,Barcelona,08014,Cataluna,Spain,Europe,48.690833,9.140556,05OCT2014,05OCT2014,240600100013,1,$3.40,$2.50,,120867,1
1237241910,74665,"de Lera Losada, Ms. Carmen",21APR1990,Orion Club members,Orion Club members low activity,8300100623,C. O'Donnell,Madrid,28009,"Madrid, Comunidad de",Spain,Europe,48.690833,9.140556,05OCT2014,05OCT2014,220200100053,1,$187.30,$187.50,,120842,1
1237241924,75023,"Vega Castro, Mr. Carmelo",17MAR1973,Internet/Catalog Customers,Internet/Catalog Customers,8300100629,C. Oviedo,Madrid,28020,"Madrid, Comunidad de",Spain,Europe,48.690833,9.140556,05OCT2014,07OCT2014,240300100059,1,$35.90,$34.40,,99999999,2
1237241953,76144,"Crespo Molina, Mr. Miguel Ángel",14JUN1963,Internet/Catalog Customers,Internet/Catalog Customers,8300100340,C. Triana,Las Palmas de Gran,35002,Castilla Y Leon,Spain,Europe,48.690833,9.140556,05OCT2014,10OCT2014,240200200050,1,$49.30,$39.50,,99999999,2
1237241963,76227,"Álvarez Correa, Ms. Carmen",20JUL1983,Orion Club Gold members,Orion Club Gold members medium activity,8300100076,Av. Diagonal,Barcelona,08028,Cataluna,Spain,Europe,48.690833,9.140556,05OCT2014,05OCT2014,220200100212,1,$103.50,$103.70,,120842,1
1237241974,76982,"Llaguno Ellacuría, Ms. Silvia",09APR1963,Orion Club members,Orion Club members low activity,8300100758,Pl. Celenque,Madrid,28013,"Madrid, Comunidad de",Spain,Europe,48.690833,9.140556,05OCT2014,05OCT2014,240600100107,1,$26.40,$23.60,,120866,1
1237241998,78089,"Gayoso Razuri, Ms. Laura",20JUN1963,Internet/Catalog Customers,Internet/Catalog Customers,8300100231,C. Gran Vía,Bilbao,48009,Pais Vasco,Spain,Europe,48.690833,9.140556,05OCT2014,08OCT2014,220200100101,1,$61.00,$57.50,,99999999,2
1237242021,78356,"Fernández Paz, Mr. José Luis",04MAR1992,Orion Club members,Orion  Club members high activity,8300101045,C. Gran Vía,l'Hospitalet de Llo,08908,Cataluna,Spain,Europe,48.690833,9.140556,05OCT2014,05OCT2014,210201000087,1,$20.00,$18.30,,120832,1
1237242025,78697,"Fernández Vírgala, Ms. Itziar",15AUG1948,Orion Club members,Orion  Club members high activity,8300100404,Av. General Perón,Madrid,28020,"Madrid, Comunidad de",Spain,Europe,48.690833,9.140556,05OCT2014,05OCT2014,210200400002,1,$41.80,$42.00,,120832,1
1237242025,78697,"Fernández Vírgala, Ms. Itziar",15AUG1948,Orion Club members,Orion  Club members high activity,8300100404,Av. General Perón,Madrid,28020,"Madrid, Comunidad de",Spain,Europe,48.690833,9.140556,05OCT2014,05OCT2014,210200100010,1,$41.50,$37.00,,120832,1
1237242118,81351,"Cid, Mr. Asier",16APR1943,Orion Club members,Orion  Club members medium activity,8300100426,C. Albacete,Madrid,28027,"Madrid, Comunidad de",Spain,Europe,48.690833,9.140556,05OCT2014,05OCT2014,220200100145,1,$111.30,$111.50,,120847,1
1237242120,81991,"Conejo, Ms. Estíbaliz",09DEC1968,Orion Club members,Orion  Club members high activity,8300100429,C. Alcalá,Madrid,28009,"Madrid, Comunidad de",Spain,Europe,48.690833,9.140556,05OCT2014,05OCT2014,240500200107,1,$169.50,$141.20,,120860,1
1237242145,82208,"Alonso Lozano, Ms. Pilar",07NOV1990,Orion Club members,Orion  Club members medium activity,8300100288,C. Pintor Domenech Farre,El Masnou,08320,Cataluna,Spain,Europe,48.690833,9.140556,05OCT2014,06OCT2014,240100200012,1,$34.00,$28.30,,99999999,3
1237242177,86701,"Moreno Ruiz, Ms. María del Mar",22JUL1963,Orion Club Gold members,Orion Club Gold members medium activity,8300100363,Campus de Vegazana,León,24071,Castilla Y Leon,Spain,Europe,48.690833,9.140556,05OCT2014,11OCT2014,230100500058,1,$16.70,$14.50,,99999999,3
1237242231,90246,"Capella Fernández, Ms. Silvia",05OCT1973,Internet/Catalog Customers,Internet/Catalog Customers,8300100438,C. Almansa,Madrid,28040,"Madrid, Comunidad de",Spain,Europe,48.690833,9.140556,05OCT2014,08OCT2014,240100200003,1,$32.40,$27.30,,99999999,3
1237242244,91172,"de Paz López, Ms. María Paz",19DEC1943,Orion Club Gold members,Orion Club Gold members medium activity,8300100431,C. Alcalá,Madrid,28027,"Madrid, Comunidad de",Spain,Europe,48.690833,9.140556,05OCT2014,05OCT2014,240100100185,1,$171.90,$160.40,,120827,1
1237242244,91172,"de Paz López, Ms. María Paz",19DEC1943,Orion Club Gold members,Orion Club Gold members medium activity,8300100431,C. Alcalá,Madrid,28027,"Madrid, Comunidad de",Spain,Europe,48.690833,9.140556,05OCT2014,05OCT2014,240100100154,1,$39.10,$33.40,,120827,1
1237242333,10355,"Vong, Ms. Brigitte",20SEP1992,Orion Club members,Orion  Club members medium activity,3500100184,Avenue du General de Gaulle,Chantilly,60500,Picardie,France,Europe,48.690833,9.140556,05OCT2014,05OCT2014,220200100098,1,$120.70,$133.00,,120369,1
1237242340,10827,"Dienne, Ms. Christiane",25FEB1978,Internet/Catalog Customers,Internet/Catalog Customers,3500100104,Rue Lecoq,Bordeaux,33065,Aquitaine,France,Europe,48.690833,9.140556,05OCT2014,07OCT2014,240100100390,1,$15.00,$12.40,,99999999,2
1237242365,11701,"Le Cam, Mr. Hassan",09NOV1983,Orion Club members,Orion  Club members high activity,3500101075,Rue de Londres,Paris,75009,Ile-de-France,France,Europe,48.690833,9.140556,05OCT2014,05OCT2014,240100400057,1,$217.50,$322.40,,120349,1
1237242374,11942,"Gerday, Ms. Anita",04OCT1992,Orion Club Gold members,Orion Club Gold members low activity,3500100090,Cite de l'Agriculture,Bois-Guillaume,76236,Haute-Normandie,France,Europe,48.690833,9.140556,05OCT2014,05OCT2014,240800200021,1,$95.90,$83.30,,120410,1
1237242384,12249,"Foult, Mr. Laurent",13MAY1968,Orion Club Gold members,Orion Club Gold members high activity,3500101550,Cours Emile Zola,Villeurbanne,69100,Rhone-Alpes,France,Europe,48.690833,9.140556,05OCT2014,05OCT2014,240100400106,1,$730.50,$730.40,,120350,1
1237242466,22305,"Souveton, Mr. Jean",01NOV1988,Orion Club members,Orion  Club members high activity,3500100441,Rue Jean Jaures,Levallois Perret,92300,Ile-de-France,France,Europe,48.690833,9.140556,05OCT2014,05OCT2014,230100100012,3,$564.60,$172.20,,120377,1
1237242477,26297,"Bitner, Mr. Pierre",24SEP1953,Internet/Catalog Customers,Internet/Catalog Customers,3500100148,Technopole Brest Iroise - Bp 8,Brest,29285,Bretagne,France,Europe,48.690833,9.140556,05OCT2014,06OCT2014,240100400021,1,$91.60,$91.50,,99999999,3
1237242496,26528,"Bouloud, Mr. Drago",10MAR1988,Orion Club Gold members,Orion Club Gold members medium activity,3500100391,Rue Pierre Rigaud,Ivry Sur Seine,94856,Ile-de-France,France,Europe,48.690833,9.140556,05OCT2014,05OCT2014,230100700008,1,$514.20,$501.40,,120378,1
1237242496,26528,"Bouloud, Mr. Drago",10MAR1988,Orion Club Gold members,Orion Club Gold members medium activity,3500100391,Rue Pierre Rigaud,Ivry Sur Seine,94856,Ile-de-France,France,Europe,48.690833,9.140556,05OCT2014,05OCT2014,230100100059,2,$268.80,$114.10,,120378,1
1237242497,29031,"Brizard, Ms. Marie Claire",04JUL1943,Orion Club members,Orion  Club members medium activity,3500101010,Rue Reaumur,Paris,75081,Ile-de-France,France,Europe,48.690833,9.140556,05OCT2014,05OCT2014,220100900035,1,$41.80,$38.90,,120359,1
1237242507,31537,"Massiaux, Mr. Olivier",19AUG1948,Orion Club Gold members,Orion Club Gold members high activity,3500100270,Rue Georges Enesco,Creteil,94008,Ile-de-France,France,Europe,48.690833,9.140556,05OCT2014,06OCT2014,240100300006,1,$53.00,$46.90,,120349,1
1237242527,32654,"Demangeat, Mr. Paul",18JUN1968,Orion Club members,Orion  Club members high activity,3500100533,Rue Brochier,Marseille,13354,Provence-Alpes-Cote d'Azur,France,Europe,48.690833,9.140556,05OCT2014,05OCT2014,240100100161,1,$127.30,$126.30,,120349,1
1237242555,34043,"Bitane, Ms. Sandrine",02SEP1948,Orion Club members,Orion  Club members medium activity,3500100960,Rue Henner,Paris,75009,Ile-de-France,France,Europe,48.690833,9.140556,05OCT2014,05OCT2014,240100400087,1,$117.20,$117.10,,120350,1
1237242555,34043,"Bitane, Ms. Sandrine",02SEP1948,Orion Club members,Orion  Club members medium activity,3500100960,Rue Henner,Paris,75009,Ile-de-France,France,Europe,48.690833,9.140556,05OCT2014,05OCT2014,240100100719,1,$41.90,$36.40,,120350,1
1237242570,36932,"Mottier, Ms. Monique",19OCT1978,Orion Club Gold members,Orion Club Gold members low activity,3500100962,Rue Henri Huchard,Paris,75877,Ile-de-France,France,Europe,48.690833,9.140556,05OCT2014,05OCT2014,240800200048,1,$95.70,$83.00,,120410,1
1237242579,37469,"Courreges, Ms. Agnes",16JUN1963,Orion Club members,Orion Club members low activity,3500100072,Rte du Stade Felix Eboue,Basse-Terre,97110,Ile-de-France,France,Europe,48.690833,9.140556,05OCT2014,05OCT2014,220200100137,1,$50.30,$50.50,,120371,1
1237242592,39719,"Hoopman, Ms. Francoise",07MAR1988,Orion Club Gold members,Orion Club Gold members high activity,3500100044,Rue des Jardins,Asnieres Sur Seine,92601,Ile-de-France,France,Europe,48.690833,9.140556,05OCT2014,05OCT2014,240500100026,1,$55.20,$49.00,,120386,1
1237242607,39719,"Hoopman, Ms. Francoise",07MAR1988,Orion Club Gold members,Orion Club Gold members high activity,3500100044,Rue des Jardins,Asnieres Sur Seine,92601,Ile-de-France,France,Europe,48.690833,9.140556,05OCT2014,05OCT2014,220101400216,1,$24.60,$22.60,,120360,1
1237242609,39850,"Perroux, Ms. Suzel",09MAR1990,Orion Club Gold members,Orion Club Gold members high activity,3500101307,Avenue de Bretagne,Rouen,76039,Haute-Normandie,France,Europe,48.690833,9.140556,05OCT2014,05OCT2014,210200900048,1,$36.40,$35.40,,120357,1
1237242614,41661,"Lauden, Mr. Alain",12APR1988,Orion Club Gold members,Orion Club Gold members high activity,3500100282,Quai Nicolas Rolin,Dijon,21000,Bourgogne,France,Europe,48.690833,9.140556,05OCT2014,05OCT2014,240600100068,1,$56.80,$46.90,,120389,1
1237242625,42312,"Dubois, Ms. Nadine",07JAN1973,Orion Club members,Orion  Club members medium activity,3500101278,Rue Jean Le Ho,Rennes,35065,Bretagne,France,Europe,48.690833,9.140556,05OCT2014,05OCT2014,220101400118,1,$45.30,$41.40,,120361,1
1237242631,42316,"Gayet, Ms. Laurence",24MAY1958,Orion Club Gold members,Orion Club Gold members medium activity,3500101068,Rue de Flandres,Paris,75019,Ile-de-France,France,Europe,48.690833,9.140556,05OCT2014,05OCT2014,230100600030,1,$86.30,$82.80,,120377,1
1237242645,42338,"Audit, Ms. Annabel",04DEC1948,Orion Club Gold members,Orion Club Gold members high activity,3500100557,Rue Pommarin,Moirans,38430,Rhone-Alpes,France,Europe,48.690833,9.140556,05OCT2014,05OCT2014,230100700011,1,$275.10,$226.90,,120374,1
1237242653,43304,"Callado, Mr. David",07AUG1988,Orion Club Gold members,Orion Club Gold members low activity,3500100180,Av Jean Jaures,Chambery,73022,Rhone-Alpes,France,Europe,48.690833,9.140556,05OCT2014,05OCT2014,220100800074,1,$109.20,$104.00,,120360,1
1237242653,43304,"Callado, Mr. David",07AUG1988,Orion Club Gold members,Orion Club Gold members low activity,3500100180,Av Jean Jaures,Chambery,73022,Rhone-Alpes,France,Europe,48.690833,9.140556,05OCT2014,05OCT2014,220100100298,1,$52.90,$53.10,,120360,1
1237242702,45272,"Memmuni, Mr. Andre",23JUL1988,Orion Club members,Orion Club members low activity,3500101157,Rue du Faubourg Saint Denis,Paris,75010,Ile-de-France,France,Europe,48.690833,9.140556,05OCT2014,05OCT2014,240100100535,1,$28.60,$25.90,,120351,1
1237242713,47438,"Baldy, Mr. Paul",03JAN1973,Orion Club members,Orion  Club members high activity,3500100016,Rue Louis Gain,Angers,49027,Pays de la Loire,France,Europe,48.690833,9.140556,05OCT2014,05OCT2014,220101400358,1,$26.10,$25.10,,120359,1
1237242713,47438,"Baldy, Mr. Paul",03JAN1973,Orion Club members,Orion  Club members high activity,3500100016,Rue Louis Gain,Angers,49027,Pays de la Loire,France,Europe,48.690833,9.140556,05OCT2014,05OCT2014,220100300039,1,$204.40,$174.30,,120359,1
1237242742,52565,"Baudiment, Mr. Alain",19DEC1973,Orion Club Gold members,Orion Club Gold members medium activity,3500100071,Rue de Polval,Bar Le Duc,55012,Lorraine,France,Europe,48.690833,9.140556,05OCT2014,05OCT2014,240100100135,1,$247.10,$202.80,,120349,1
1237242757,55595,"Nerzic, Mr. Francois",03JAN1968,Internet/Catalog Customers,Internet/Catalog Customers,3500100966,Rue Jobbe Duval,Paris,75015,Ile-de-France,France,Europe,48.690833,9.140556,05OCT2014,09OCT2014,240100100615,1,$12.90,$10.90,,99999999,3
1237242757,55595,"Nerzic, Mr. Francois",03JAN1968,Internet/Catalog Customers,Internet/Catalog Customers,3500100966,Rue Jobbe Duval,Paris,75015,Ile-de-France,France,Europe,48.690833,9.140556,05OCT2014,09OCT2014,240100100251,1,$203.90,$190.20,,99999999,3
1237242784,60821,"Herrouin, Mr. Jacques",17NOV1958,Orion Club Gold members,Orion Club Gold members medium activity,3500101342,Rue des Freres Caudron,Rueil Malmaison,92858,Ile-de-France,France,Europe,48.690833,9.140556,05OCT2014,05OCT2014,240100300004,1,$22.90,$18.20,,120351,1
1237242801,63719,"Dewerdt, Mr. Jacques-Frederic",03MAR1958,Orion Club Gold members,Orion Club Gold members high activity,3500100160,Avenue Clement Ader,Castelnau Le Lez,34173,Languedoc-Roussillon,France,Europe,48.690833,9.140556,05OCT2014,05OCT2014,220100500002,1,$86.20,$76.00,,120360,1
1237242801,63719,"Dewerdt, Mr. Jacques-Frederic",03MAR1958,Orion Club Gold members,Orion Club Gold members high activity,3500100160,Avenue Clement Ader,Castelnau Le Lez,34173,Languedoc-Roussillon,France,Europe,48.690833,9.140556,05OCT2014,05OCT2014,220100300038,1,$144.00,$118.10,,120360,1
1237242814,65028,"Mutin, Mr. Elie",09MAR1963,Orion Club members,Orion  Club members high activity,3500100921,Rue Cambon,Paris,75039,Ile-de-France,France,Europe,48.690833,9.140556,05OCT2014,10OCT2014,240100400071,1,$149.20,$218.70,,99999999,2
1237242822,70122,"Monteverde, Mr. Anh-Tai",17FEB1958,Orion Club Gold members,Orion Club Gold members low activity,3500100786,Avenue de Segur,Paris,75350,Ile-de-France,France,Europe,48.690833,9.140556,05OCT2014,05OCT2014,220200300117,1,$99.60,$90.70,,120369,1
1237242822,70122,"Monteverde, Mr. Anh-Tai",17FEB1958,Orion Club Gold members,Orion Club Gold members low activity,3500100786,Avenue de Segur,Paris,75350,Ile-de-France,France,Europe,48.690833,9.140556,05OCT2014,05OCT2014,220200100143,1,$71.40,$71.60,,120369,1
1237242861,71662,"Melka, Mr. Franck",03AUG1983,Orion Club Gold members,Orion Club Gold members high activity,3500101214,Place des Vosges,Paris la Defense,92049,Ile-de-France,France,Europe,48.690833,9.140556,05OCT2014,07OCT2014,240100100322,1,$255.60,$255.50,,99999999,2
1237242888,72599,"Rutherford, Mr. Rodolphe",08MAY1990,Orion Club Gold members,Orion Club Gold members high activity,3500101119,Rue de la Boetie,Paris,75008,Ile-de-France,France,Europe,48.690833,9.140556,05OCT2014,05OCT2014,240500100029,1,$58.90,$52.20,,120388,1
1237242894,72861,"Guibert, Mr. Jean-Pierre",10NOV1990,Orion Club Gold members,Orion Club Gold members low activity,3500100281,Qu Nicolas Rollin,Dijon,21017,Bourgogne,France,Europe,48.690833,9.140556,05OCT2014,08OCT2014,240100200005,1,$34.50,$29.10,,99999999,2
1237242928,75296,"Ehreth, Mr. Jean Yves",24NOV1983,Orion Club members,Orion  Club members high activity,3500100682,Avenue Salvador Allende,Niort,79029,Poitou-Charentes,France,Europe,48.690833,9.140556,05OCT2014,05OCT2014,240100300006,1,$53.00,$46.90,,120350,1
1237242938,76099,"Justamon, Ms. Michele",19APR1988,Orion Club members,Orion  Club members medium activity,3500100993,Rue Miollis,Paris,75532,Ile-de-France,France,Europe,48.690833,9.140556,05OCT2014,05OCT2014,220200200021,1,$64.00,$75.70,,120367,1
1237242940,77332,"Gonzalvez, Mr. Antoine",23JUN1992,Orion Club members,Orion  Club members high activity,3500101334,Rue Danton,Rueil Malmaison,92500,Ile-de-France,France,Europe,48.690833,9.140556,05OCT2014,05OCT2014,220101400196,1,$23.90,$21.90,,120359,1
1237242981,79526,"Hamon, Ms. Christine",28DEC1968,Orion Club Gold members,Orion Club Gold members high activity,3500100342,Av du General de Gaulle,Grenoble,38022,Rhone-Alpes,France,Europe,48.690833,9.140556,05OCT2014,06OCT2014,210201000039,1,$23.10,$20.70,,99999999,2
1237243041,82547,"Scherrer, Mr. Emmanuel",06NOV1963,Orion Club members,Orion  Club members high activity,3500101211,Place des Degres,Paris la Defense,92045,Ile-de-France,France,Europe,48.690833,9.140556,05OCT2014,05OCT2014,220101400162,1,$18.50,$17.20,,120361,1
1237243102,83240,"Babinet, Ms. Michele",18JUN1978,Orion Club members,Orion  Club members high activity,3500101516,Bis Rue du Petit Clamart,Velizy,78140,Ile-de-France,France,Europe,48.690833,9.140556,05OCT2014,05OCT2014,210200600068,1,$6.40,$6.00,,120353,1
1237243113,83281,"Tristant, Mr. Emmanuel",10OCT1968,Orion Club Gold members,Orion Club Gold members high activity,3500100923,Rue Castagnari,Paris,75015,Ile-de-France,France,Europe,48.690833,9.140556,05OCT2014,19OCT2014,240500200114,1,$8.80,$8.30,,120388,1
1237243142,84723,"Guenot, Mr. Jacques",02JUL1973,Orion Club Gold members,Orion Club Gold members high activity,3500101445,Rue du Wacken,Strasbourg,67905,Alsace,France,Europe,48.690833,9.140556,05OCT2014,05OCT2014,240500200149,1,$267.10,$227.20,,120387,1
1237243142,84723,"Guenot, Mr. Jacques",02JUL1973,Orion Club Gold members,Orion Club Gold members high activity,3500101445,Rue du Wacken,Strasbourg,67905,Alsace,France,Europe,48.690833,9.140556,05OCT2014,05OCT2014,240500200011,1,$30.80,$28.70,,120387,1
1237243148,85355,"Saint-Pierre, Ms. Nicole",06FEB1968,Internet/Catalog Customers,Internet/Catalog Customers,3500100529,Boulevard des Dames,Marseille,13242,Provence-Alpes-Cote d'Azur,France,Europe,48.690833,9.140556,05OCT2014,11OCT2014,210200600057,1,$94.30,$81.00,,99999999,2
1237243163,86294,"Oliveira, Ms. Murielle",08SEP1958,Internet/Catalog Customers,Internet/Catalog Customers,3500101074,Rue de Londres,Paris,75008,Ile-de-France,France,Europe,48.690833,9.140556,05OCT2014,07OCT2014,210200400087,1,$46.60,$46.80,,99999999,2
1237243183,87288,"Blanc, Ms. Gaelle",15JUL1992,Orion Club members,Orion  Club members high activity,3500100413,Allee des Gemeaux,Le Mans,72100,Pays de la Loire,France,Europe,48.690833,9.140556,05OCT2014,05OCT2014,240800200030,1,$49.10,$38.70,,120411,1
1237243191,87444,"Bautista, Mr. Laurent",13AUG1990,Orion Club members,Orion  Club members medium activity,3500100915,Rue Benard,Paris,75014,Ile-de-France,France,Europe,48.690833,9.140556,05OCT2014,09OCT2014,240100400087,1,$117.20,$117.10,,99999999,3
1237243191,87444,"Bautista, Mr. Laurent",13AUG1990,Orion Club members,Orion  Club members medium activity,3500100915,Rue Benard,Paris,75014,Ile-de-France,France,Europe,48.690833,9.140556,05OCT2014,09OCT2014,240100100552,1,$182.90,$155.60,,99999999,3
1237243217,87748,"Schapira, Ms. Yveline",13MAY1958,Orion Club Gold members,Orion Club Gold members medium activity,3500101152,Rue du Commandant Mouchotte,Paris,75699,Ile-de-France,France,Europe,48.690833,9.140556,05OCT2014,05OCT2014,210200300099,1,$22.30,$22.50,,120353,1
1237243237,89768,"de Mones, Ms. Daniele",06FEB1992,Orion Club Gold members,Orion Club Gold members medium activity,3500100685,Et 4 Rue Pied de Fond,Niort,79034,Poitou-Charentes,France,Europe,48.690833,9.140556,05OCT2014,05OCT2014,240300100059,2,$71.80,$34.40,,120365,1
1237243251,89837,"Thuel, Ms. Marie-Reine",18AUG1968,Orion Club Gold members,Orion Club Gold members high activity,3500101066,Rue de Courcelles,Paris,75017,Ile-de-France,France,Europe,48.690833,9.140556,05OCT2014,05OCT2014,220101000006,1,$28.80,$25.90,,120360,1
1237243251,89837,"Thuel, Ms. Marie-Reine",18AUG1968,Orion Club Gold members,Orion Club Gold members high activity,3500101066,Rue de Courcelles,Paris,75017,Ile-de-France,France,Europe,48.690833,9.140556,05OCT2014,05OCT2014,220100500018,1,$65.80,$60.00,,120360,1
1237243278,90517,"Meynier, Mr. Daniel",20JAN1992,Orion Club Gold members,Orion Club Gold members high activity,3500100476,Avenue Descartes,Limeil Brevannes,94451,Ile-de-France,France,Europe,48.690833,9.140556,05OCT2014,05OCT2014,230100600018,1,$64.20,$64.40,,120378,1
1237243279,91029,"Oules, Ms. Paulina",13FEB1953,Orion Club Gold members,Orion Club Gold members high activity,3500101477,Rue Soupetard,Toulouse,31505,Midi-Pyrenees,France,Europe,48.690833,9.140556,05OCT2014,05OCT2014,220100100449,1,$60.90,$61.10,,120361,1
1237243336,148,"Mcdowell, Ms. Rebecca",15JAN1953,Orion Club Gold members,Orion Club Gold members medium activity,9250105702,Vauxhall St,London,SE11 5RH,City of London,United Kingdom,Europe,48.690833,9.140556,05OCT2014,05OCT2014,220200100016,1,$124.40,$124.60,,120932,1
1237243425,2726,"Kim, Ms. Marina",16JAN1953,Orion Club members,Orion  Club members medium activity,9250105241,Selsdon Way,London,E14 9HQ,City of London,United Kingdom,Europe,48.690833,9.140556,05OCT2014,05OCT2014,240100200004,1,$35.20,$29.60,,120905,1
1237243428,3944,"Raoufi, Mr. Steve",18APR1992,Orion Club Gold members,Orion Club Gold members low activity,9250102116,Mount Mews,Hampton,TW12 2SH,Richmond upon Thames,United Kingdom,Europe,48.690833,9.140556,05OCT2014,14OCT2014,240100200012,1,$34.00,$28.30,,120905,1
1237243428,3944,"Raoufi, Mr. Steve",18APR1992,Orion Club Gold members,Orion Club Gold members low activity,9250102116,Mount Mews,Hampton,TW12 2SH,Richmond upon Thames,United Kingdom,Europe,48.690833,9.140556,05OCT2014,14OCT2014,240100200004,2,$70.40,$29.60,,120905,1
1237243440,4277,"Fox, Ms. Rosaleen",26DEC1938,Orion Club members,Orion  Club members medium activity,9250104448,Leadenhall Street,London,EC3A 4AH,City of London,United Kingdom,Europe,48.690833,9.140556,05OCT2014,05OCT2014,220200200071,1,$107.20,$93.10,,120934,1
1237243474,4862,"Liddacoat, Ms. Penny",11JUL1992,Orion Club members,Orion  Club members high activity,9250102908,Balham Hill,London,SW12 9EB,City of London,United Kingdom,Europe,48.690833,9.140556,05OCT2014,05OCT2014,220200300081,1,$61.00,$54.40,,120931,1
1237243474,4862,"Liddacoat, Ms. Penny",11JUL1992,Orion Club members,Orion  Club members high activity,9250102908,Balham Hill,London,SW12 9EB,City of London,United Kingdom,Europe,48.690833,9.140556,05OCT2014,05OCT2014,220200100230,1,$111.70,$111.90,,120931,1
1237243481,4862,"Liddacoat, Ms. Penny",11JUL1992,Orion Club members,Orion  Club members high activity,9250102908,Balham Hill,London,SW12 9EB,City of London,United Kingdom,Europe,48.690833,9.140556,05OCT2014,05OCT2014,240700400036,1,$6.20,$5.50,,120969,1
1237243511,7631,"Babie, Mr. John",19DEC1958,Orion Club members,Orion Club members low activity,9250104121,Harbour Exchange Square,London,E14 9GE,City of London,United Kingdom,Europe,48.690833,9.140556,05OCT2014,05OCT2014,240100200008,1,$32.40,$26.80,,120905,1
1237243511,7631,"Babie, Mr. John",19DEC1958,Orion Club members,Orion Club members low activity,9250104121,Harbour Exchange Square,London,E14 9GE,City of London,United Kingdom,Europe,48.690833,9.140556,05OCT2014,05OCT2014,240100100260,1,$28.20,$23.60,,120905,1
1237243518,9014,"Conaghan, Mr. Thomas",09JUL1963,Orion Club Gold members,Orion Club Gold members medium activity,9250101959,Rennie Place,Glasgow,G74 5HD,Glasgow City,United Kingdom,Europe,48.690833,9.140556,05OCT2014,05OCT2014,240100200007,1,$3.30,$2.70,,120906,1
1237243555,12519,"Hasler, Ms. Fiona",27DEC1983,Orion Club members,Orion  Club members high activity,9250106513,Kitching Road,Peterlee,SR8 2RF,County Durham,United Kingdom,Europe,48.690833,9.140556,05OCT2014,07OCT2014,240100100434,1,$16.10,$15.80,,120903,1
1237243568,13790,"Miller, Ms. Katheryn",24NOV1973,Orion Club Gold members,Orion Club Gold members medium activity,9250103042,Bishopsgate,London,EC2M 4AA,City of London,United Kingdom,Europe,48.690833,9.140556,05OCT2014,05OCT2014,240100200014,1,$55.40,$45.60,,120903,1
1237243576,14482,"Mole, Mr. Kally",15FEB1983,Orion Club members,Orion  Club members high activity,9250106769,Church Street,Rickmansworth,WD3 1DE,Hertfordshire,United Kingdom,Europe,48.690833,9.140556,05OCT2014,05OCT2014,220101100023,1,$22.10,$18.40,,120915,1
1237243585,14659,"Blackburn, Mr. James",22APR1983,Orion Club members,Orion Club members low activity,9250107739,Quayside,Woodbridge,IP12 1BH,Suffolk,United Kingdom,Europe,48.690833,9.140556,05OCT2014,05OCT2014,210200300079,4,$128.40,$32.30,,120913,1
1237243595,15120,"Adey, Mr. Alistair H",21MAR1978,Internet/Catalog Customers,Internet/Catalog Customers,9250101080,Holywell Street,Chesterfield,S41 7SJ,Derbyshire,United Kingdom,Europe,48.690833,9.140556,05OCT2014,10OCT2014,220100100541,1,$42.80,$43.00,,99999999,3
1237243604,15549,"Gormely, Ms. Jean",05APR1948,Orion Club members,Orion  Club members medium activity,9250104561,Lower Belgrave Street,London,SW1W 0NW,City of London,United Kingdom,Europe,48.690833,9.140556,05OCT2014,05OCT2014,220101300003,1,$40.10,$35.70,,120915,1
1237243605,16512,"Chocqueel-Mangan, Ms. Cath",14JAN1983,Orion Club members,Orion Club members low activity,9250101377,Albion Street,Dunstable,LU6 1SA,Central Bedfordshire,United Kingdom,Europe,48.690833,9.140556,05OCT2014,05OCT2014,220200200012,1,$67.90,$61.80,,120933,1
1237243607,17508,"Abbott, Mr. Robin",03JUL1990,Orion Club Gold members,Orion Club Gold members medium activity,9250106382,High Street,Nottingham,NG13 0AA,Nottinghamshire,United Kingdom,Europe,48.690833,9.140556,05OCT2014,05OCT2014,220200200018,1,$66.40,$60.50,,120934,1
1237243614,18356,"Hoff, Ms. Doreen",14OCT1953,Orion Club members,Orion  Club members high activity,9250105786,Wellington St,London,WC2E 7DA,City of London,United Kingdom,Europe,48.690833,9.140556,05OCT2014,05OCT2014,240100200014,1,$55.40,$45.60,,120904,1
1237243634,19158,"Viggers, Ms. Pam",07APR1990,Orion Club Gold members,Orion Club Gold members high activity,9250104815,New Wharf Road,London,N1 9RR,City of London,United Kingdom,Europe,48.690833,9.140556,05OCT2014,05OCT2014,210200600115,1,$39.80,$34.60,,120909,1
1237243640,19354,"Barwood, Ms. Patricia",03OCT1988,Orion Club members,Orion Club members low activity,9250103749,Finsbury Pavement,London,EC2A 1NT,City of London,United Kingdom,Europe,48.690833,9.140556,05OCT2014,05OCT2014,220101400215,1,$18.40,$17.10,,120915,1
1237243640,19354,"Barwood, Ms. Patricia",03OCT1988,Orion Club members,Orion Club members low activity,9250103749,Finsbury Pavement,London,EC2A 1NT,City of London,United Kingdom,Europe,48.690833,9.140556,05OCT2014,05OCT2014,220100100037,1,$24.20,$24.40,,120915,1
1237243647,22394,"Hughes, Mr. Jim",14NOV1938,Orion Club Gold members,Orion Club Gold members medium activity,9250102176,Inch Mill,Hartlepool,TS25 2EG,Redcar and Cleveland,United Kingdom,Europe,48.690833,9.140556,05OCT2014,05OCT2014,240200200001,1,$209.40,$167.60,,120920,1
1237243655,23258,"Mann, Mr. Nabeel",24APR1938,Orion Club members,Orion  Club members medium activity,9250103534,Devonshire Square,London,EC2M 4YR,City of London,United Kingdom,Europe,48.690833,9.140556,05OCT2014,05OCT2014,230100500091,1,$191.00,$160.90,,120941,1
1237243664,23727,"Greatiex, Mr. Grant",15SEP1953,Orion Club Gold members,Orion Club Gold members high activity,9250105394,St John Adam Street,London,WC2N 6HT,City of London,United Kingdom,Europe,48.690833,9.140556,05OCT2014,05OCT2014,220200100038,1,$106.60,$106.80,,120932,1
1237243679,24663,"Shrakawa, Mr. Bill",05SEP1938,Orion Club members,Orion  Club members high activity,9250101162,Ashcroft Rise,Coulsdon,CR5 2SS,Surrey,United Kingdom,Europe,48.690833,9.140556,05OCT2014,09OCT2014,220101200017,1,$16.30,$13.40,,99999999,2
1237243685,26075,"Powell, Ms. Carol Anne",28OCT1968,Orion Club Gold members,Orion Club Gold members low activity,9250107471,Birchwood Boulevard,Warrington,WA3 7QN,Warrington,United Kingdom,Europe,48.690833,9.140556,05OCT2014,05OCT2014,210200500007,1,$39.40,$35.60,,120909,1
1237243685,26075,"Powell, Ms. Carol Anne",28OCT1968,Orion Club Gold members,Orion Club Gold members low activity,9250107471,Birchwood Boulevard,Warrington,WA3 7QN,Warrington,United Kingdom,Europe,48.690833,9.140556,05OCT2014,05OCT2014,210200300114,1,$40.60,$40.80,,120909,1
1237243688,27161,"Thakar, Ms. Jane",09JUL1973,Orion Club Gold members,Orion Club Gold members high activity,9250105747,Walpole House,London,SE1 7UN,City of London,United Kingdom,Europe,48.690833,9.140556,05OCT2014,05OCT2014,230100600016,1,$77.00,$77.20,,120939,1
1237243732,29511,"Ward, Ms. Valerie",11NOV1953,Orion Club Gold members,Orion Club Gold members medium activity,9250107138,Watery Lane,Worcester,WR2 5UA,Worcestershire,United Kingdom,Europe,48.690833,9.140556,05OCT2014,05OCT2014,240500100020,1,$51.60,$45.80,,120953,1
1237243742,29529,"Benincasa, Ms. Karen",14JUL1968,Orion Club Gold members,Orion Club Gold members high activity,9250105620,Trinity Square,London,EC3P 3AX,City of London,United Kingdom,Europe,48.690833,9.140556,05OCT2014,07OCT2014,220101400328,1,$19.00,$17.70,,99999999,2
1237243746,30093,"Cordrey, Mr. Carl",23JUL1990,Orion Club members,Orion  Club members medium activity,9250104121,Harbour Exchange Square,London,E14 9GE,City of London,United Kingdom,Europe,48.690833,9.140556,05OCT2014,05OCT2014,230100500074,1,$136.00,$102.60,,120939,1
1237243746,30093,"Cordrey, Mr. Carl",23JUL1990,Orion Club members,Orion  Club members medium activity,9250104121,Harbour Exchange Square,London,E14 9GE,City of London,United Kingdom,Europe,48.690833,9.140556,05OCT2014,05OCT2014,230100100058,1,$48.30,$41.00,,120939,1
1237243752,31862,"Kini, Ms. Ruth",08JUL1963,Orion Club members,Orion Club members low activity,9250107551,Welwyn Hall Gardens,Welwyn,AL6 9LF,Hertfordshire,United Kingdom,Europe,48.690833,9.140556,05OCT2014,09OCT2014,220200300002,1,$38.50,$35.00,,120932,1
1237243757,32307,"Pasea, Mr. David",25SEP1988,Orion Club Gold members,Orion Club Gold members high activity,9250104938,Palace Street,London,SW1E 5PT,City of London,United Kingdom,Europe,48.690833,9.140556,05OCT2014,05OCT2014,240200100095,1,$118.50,$105.10,,120923,1
1237243761,32911,"Middleton, Mr. Russel",20SEP1943,Orion Club members,Orion  Club members high activity,9250102959,Bedford Street,London,WC2E 9HD,City of London,United Kingdom,Europe,48.690833,9.140556,05OCT2014,09OCT2014,220100300022,1,$12.10,$11.90,,99999999,2
1237243776,33029,"Tonkin, Ms. Smita",02MAR1978,Orion Club Gold members,Orion Club Gold members medium activity,9250102209,Perrymount Road,Haywards Heath,RH16 3YE,West Sussex,United Kingdom,Europe,48.690833,9.140556,05OCT2014,05OCT2014,220200300157,1,$73.40,$73.30,,120931,1
1237243776,33029,"Tonkin, Ms. Smita",02MAR1978,Orion Club Gold members,Orion Club Gold members medium activity,9250102209,Perrymount Road,Haywards Heath,RH16 3YE,West Sussex,United Kingdom,Europe,48.690833,9.140556,05OCT2014,05OCT2014,220200200078,1,$116.40,$101.10,,120931,1
1237243789,36267,"Marik, Mr. Zul",25APR1968,Orion Club members,Orion Club members low activity,9250103404,Cleveland Row,London,SW1A 1GG,City of London,United Kingdom,Europe,48.690833,9.140556,05OCT2014,05OCT2014,240200100102,1,$14.70,$13.50,,120920,1
1237243797,39257,"Tinston, Ms. Emma",04NOV1943,Orion Club Gold members,Orion Club Gold members high activity,9250106770,Copmanswick,Rickmansworth,WD3 5JW,Hertfordshire,United Kingdom,Europe,48.690833,9.140556,05OCT2014,05OCT2014,240100400022,1,$194.80,$181.60,,120904,1
1237243806,39271,"Davies, Ms. Rory",22OCT1953,Orion Club Gold members,Orion Club Gold members high activity,9250105379,St James Street,London,SW1A 1LE,City of London,United Kingdom,Europe,48.690833,9.140556,05OCT2014,05OCT2014,240200200068,1,$310.70,$315.20,,120921,1
1237243833,39788,"Hatheson, Mr. David",07DEC1963,Orion Club Gold members,Orion Club Gold members high activity,9250107379,Clammas Way,Uxbridge,UB8 3AN,Hillingdon,United Kingdom,Europe,48.690833,9.140556,05OCT2014,05OCT2014,210200900040,1,$36.10,$32.60,,120912,1
1237243833,39788,"Hatheson, Mr. David",07DEC1963,Orion Club Gold members,Orion Club Gold members high activity,9250107379,Clammas Way,Uxbridge,UB8 3AN,Hillingdon,United Kingdom,Europe,48.690833,9.140556,05OCT2014,05OCT2014,210200700013,1,$10.10,$7.20,,120912,1
1237243834,41638,"Stephenson, Ms. Rona",09APR1938,Internet/Catalog Customers,Internet/Catalog Customers,9250100761,Park Avenue,Bristol,BS32 4SD,"Bristol, City of",United Kingdom,Europe,48.690833,9.140556,05OCT2014,10OCT2014,220101400282,1,$39.10,$35.60,,99999999,2
1237243840,43101,"Lobo, Mr. Willard",10OCT1983,Internet/Catalog Customers,Internet/Catalog Customers,9250107725,Wharfedale Road,Wokingham,RG41 5TP,Wokingham,United Kingdom,Europe,48.690833,9.140556,05OCT2014,07OCT2014,220101400186,1,$36.00,$32.80,,99999999,2
1237243975,48215,"Grey, Ms. Karine",24MAR1988,Orion Club Gold members,Orion Club Gold members medium activity,9250106414,Saint Georges Way,Nuneaton,CV10 7JS,Warwickshire,United Kingdom,Europe,48.690833,9.140556,05OCT2014,05OCT2014,220200100224,1,$144.90,$145.10,,120936,1
1237244012,49612,"Strange, Ms. Toni",23JAN1963,Orion Club Gold members,Orion Club Gold members high activity,9250104674,Mill Harbour,London,E14 9XP,City of London,United Kingdom,Europe,48.690833,9.140556,05OCT2014,05OCT2014,240200100118,1,$175.50,$179.10,,120922,1
1237244014,49959,"Murphy, Mr. Carrie",10OCT1948,Orion Club Gold members,Orion Club Gold members low activity,9250107777,Barker Lane,York,YO1 6JR,York,United Kingdom,Europe,48.690833,9.140556,05OCT2014,05OCT2014,230100600031,1,$88.50,$84.90,,120946,1
1237244026,50049,"Trainee, Mr. Russ",04OCT1992,Orion Club members,Orion  Club members high activity,9250106036,Grafton Street,Manchester,M13 9XX,Lancashire,United Kingdom,Europe,48.690833,9.140556,05OCT2014,05OCT2014,240100400079,1,$230.30,$204.90,,120903,1
1237244026,50049,"Trainee, Mr. Russ",04OCT1992,Orion Club members,Orion  Club members high activity,9250106036,Grafton Street,Manchester,M13 9XX,Lancashire,United Kingdom,Europe,48.690833,9.140556,05OCT2014,05OCT2014,240100200008,1,$32.40,$26.80,,120903,1
1237244072,51262,"Manning, Ms. Christopher",25NOV1958,Orion Club members,Orion  Club members medium activity,9250103584,Earls Court Road,London,SW5 9FE,City of London,United Kingdom,Europe,48.690833,9.140556,05OCT2014,05OCT2014,240100100367,1,$65.30,$59.60,,120905,1
1237244097,52607,"Carta, Mr. Michael",09OCT1973,Orion Club Gold members,Orion Club Gold members high activity,9250102019,West Regent'S Street,Glasgow,G2 2QZ,Glasgow City,United Kingdom,Europe,48.690833,9.140556,05OCT2014,08OCT2014,220200100211,1,$105.50,$105.70,,120936,1
1237244129,52863,"Dubery, Mr. Stuart",11AUG1983,Orion Club Gold members,Orion Club Gold members high activity,9250102964,Belgrave Road,London,SW1V 1RB,City of London,United Kingdom,Europe,48.690833,9.140556,05OCT2014,05OCT2014,240400300023,1,$54.30,$43.50,,120949,1
1237244139,55230,"Lillywhite, Ms. Sylzie",28MAR1992,Orion Club Gold members,Orion Club Gold members medium activity,9250101984,St Vincent Street,Glasgow,G2 5RG,Glasgow City,United Kingdom,Europe,48.690833,9.140556,05OCT2014,05OCT2014,240400100015,2,$186.40,$86.40,,120949,1
1237244147,56015,"Ager, Mr. Varinder",27OCT1973,Orion Club members,Orion  Club members high activity,9250101237,Chaucer Green,Croydon,CR0 7BN,Croydon,United Kingdom,Europe,48.690833,9.140556,05OCT2014,05OCT2014,220101400008,1,$8.40,$7.60,,120915,1
1237244148,56549,"Roney, Mr. Martin",24SEP1943,Orion Club members,Orion  Club members high activity,9250104295,Jermyn Street,London,SW1Y 6HS,City of London,United Kingdom,Europe,48.690833,9.140556,05OCT2014,05OCT2014,240100100719,1,$41.90,$36.40,,120903,1
1237244190,62947,"Sessions, Ms. Marie-Claire",22SEP1968,Orion Club Gold members,Orion Club Gold members high activity,9250101702,East Street,Epsom,KT17 1HP,Surrey,United Kingdom,Europe,48.690833,9.140556,05OCT2014,05OCT2014,210201000044,1,$14.70,$13.50,,120909,1
1237244216,64142,"Richard, Mr. Tony",27APR1992,Orion Club Gold members,Orion Club Gold members high activity,9250100003,Atherton Heights,Wembley,HA0 1YD,City of London,United Kingdom,Europe,48.690833,9.140556,05OCT2014,05OCT2014,210200700016,1,$23.50,$18.40,,120911,1
1237244216,64142,"Richard, Mr. Tony",27APR1992,Orion Club Gold members,Orion Club Gold members high activity,9250100003,Atherton Heights,Wembley,HA0 1YD,City of London,United Kingdom,Europe,48.690833,9.140556,05OCT2014,05OCT2014,210200600045,1,$64.10,$55.20,,120911,1
1237244225,64605,"Brooks, Ms. Anabel",10MAY1963,Orion Club Gold members,Orion Club Gold members low activity,9250100274,Charlotte Street,Bath,BA2 7XY,Bath and North East Somerset,United Kingdom,Europe,48.690833,9.140556,05OCT2014,05OCT2014,220200100099,1,$157.80,$158.00,,120935,1
1237244235,64625,"Kelsall, Mr. Michael",14AUG1963,Orion Club Gold members,Orion Club Gold members high activity,9250102138,East Parade,Harrogate,HG1 5LN,North Yorkshire,United Kingdom,Europe,48.690833,9.140556,05OCT2014,05OCT2014,240200100138,1,$9.50,$9.40,,120922,1
1237244235,64625,"Kelsall, Mr. Michael",14AUG1963,Orion Club Gold members,Orion Club Gold members high activity,9250102138,East Parade,Harrogate,HG1 5LN,North Yorkshire,United Kingdom,Europe,48.690833,9.140556,05OCT2014,05OCT2014,240200100022,1,$3.70,$3.50,,120922,1
1237244236,64847,"Bhamber, Mr. Tony",21JUN1988,Orion Club members,Orion  Club members high activity,9250100986,The Hayes,Cardiff,CF10 1UG,Cardiff,United Kingdom,Europe,48.690833,9.140556,05OCT2014,09OCT2014,210200400025,1,$54.10,$54.30,,120908,1
1237244239,65629,"Mergoupis, Mr. David J M",03AUG1990,Orion Club members,Orion  Club members medium activity,9250105479,Strand,London,WC2R 1DA,City of London,United Kingdom,Europe,48.690833,9.140556,05OCT2014,05OCT2014,240700400017,1,$46.00,$43.10,,120965,1
1237244277,3517,"Giovanelli, Mr. Daniele",02FEB1983,Orion Club Gold members,Orion Club Gold members high activity,4800100469,Via Orazio,Bolzano,39100,Trentino-Alto Adige,Italy,Europe,48.690833,9.140556,05OCT2014,05OCT2014,220200100126,1,$33.40,$33.60,,120617,1
1237244284,4202,"Crimella, Ms. Maria Grazia",13MAY1958,Orion Club members,Orion  Club members high activity,4800103109,Via Airauda,Pianezza,10044,Piemonte,Italy,Europe,48.690833,9.140556,05OCT2014,05OCT2014,240100400062,1,$113.20,$108.00,,120593,1
1237244284,4202,"Crimella, Ms. Maria Grazia",13MAY1958,Orion Club members,Orion  Club members high activity,4800103109,Via Airauda,Pianezza,10044,Piemonte,Italy,Europe,48.690833,9.140556,05OCT2014,05OCT2014,240100100206,1,$19.90,$17.90,,120593,1
1237244315,12869,"Giausa, Ms. Ernestina",21JAN1958,Orion Club members,Orion  Club members high activity,4800103951,Via Mosca,Roma,00142,Lazio,Italy,Europe,48.690833,9.140556,05OCT2014,05OCT2014,220200200078,1,$116.40,$101.10,,120618,1
1237244315,12869,"Giausa, Ms. Ernestina",21JAN1958,Orion Club members,Orion  Club members high activity,4800103951,Via Mosca,Roma,00142,Lazio,Italy,Europe,48.690833,9.140556,05OCT2014,05OCT2014,220200100034,1,$56.30,$56.50,,120618,1
1237244329,12869,"Giausa, Ms. Ernestina",21JAN1958,Orion Club members,Orion  Club members high activity,4800103951,Via Mosca,Roma,00142,Lazio,Italy,Europe,48.690833,9.140556,05OCT2014,05OCT2014,240400300039,1,$19.60,$15.80,,120631,1
1237244360,13783,"Matarrese, Ms. Alessandra",26DEC1988,Orion Club members,Orion Club members low activity,4800102096,Via Enrico Folli,Milano,20134,Lombardia,Italy,Europe,48.690833,9.140556,05OCT2014,05OCT2014,220200100211,1,$105.50,$105.70,,120613,1
1237244381,17364,"Muste', Mr. Padre Salvatore",15JUN1983,Orion Club members,Orion  Club members high activity,4800104203,Viale Parioli,Roma,00197,Lazio,Italy,Europe,48.690833,9.140556,05OCT2014,05OCT2014,240700400036,1,$6.20,$5.50,,120639,1
1237244421,20475,"Ruggeri, Ms. Elena",02MAR1963,Orion Club Gold members,Orion Club Gold members medium activity,4800102360,Via San Martino,Milano,20122,Lombardia,Italy,Europe,48.690833,9.140556,05OCT2014,06OCT2014,230100600005,1,$129.80,$126.40,,120626,1
1237244431,23955,"Checcacci, Mr. Marc",17APR1992,Orion Club members,Orion  Club members high activity,4800102361,Via San Martino Della Battagli,Milano,20122,Lombardia,Italy,Europe,48.690833,9.140556,05OCT2014,05OCT2014,220200100063,1,$66.50,$66.70,,120618,1
1237244438,26223,"Ucci, Ms. Anna",15MAY1990,Orion Club Gold members,Orion Club Gold members low activity,4800103965,Via Nomentana,Roma,00161,Lazio,Italy,Europe,48.690833,9.140556,05OCT2014,05OCT2014,210201000067,1,$30.30,$27.00,,120600,1
1237244438,26223,"Ucci, Ms. Anna",15MAY1990,Orion Club Gold members,Orion Club Gold members low activity,4800103965,Via Nomentana,Roma,00161,Lazio,Italy,Europe,48.690833,9.140556,05OCT2014,05OCT2014,210201000043,1,$12.20,$11.00,,120600,1
1237244438,26223,"Ucci, Ms. Anna",15MAY1990,Orion Club Gold members,Orion Club Gold members low activity,4800103965,Via Nomentana,Roma,00161,Lazio,Italy,Europe,48.690833,9.140556,05OCT2014,05OCT2014,210200300026,1,$40.40,$40.60,,120600,1
1237244442,26360,"Mondelli, Ms. Rossella",06MAR1988,Orion Club Gold members,Orion Club Gold members high activity,4800103756,Via Dell'Universita',Roma,00187,Lazio,Italy,Europe,48.690833,9.140556,05OCT2014,05OCT2014,230100700008,1,$514.20,$501.40,,120626,1
1237244462,29107,"Cangiano, Mr. Giacomo",11JUL1992,Orion Club Gold members,Orion Club Gold members low activity,4800101931,Via A.T. Trivulzio,Milano,20100,Lombardia,Italy,Europe,48.690833,9.140556,05OCT2014,05OCT2014,230100600030,1,$86.30,$82.80,,120621,1
1237244488,30719,"Basile, Ms. Gigliola",17OCT1963,Orion Club members,Orion  Club members high activity,4800100571,Via Del Lavoro,Bussolengo,37012,Veneto,Italy,Europe,48.690833,9.140556,05OCT2014,05OCT2014,210200300122,1,$24.80,$25.00,,120599,1
1237244530,33176,"Sabatosanti, Ms. Maria Sandra",02JUN1958,Internet/Catalog Customers,Internet/Catalog Customers,4800103207,Via Treviso,Pomezia,00040,Lazio,Italy,Europe,48.690833,9.140556,05OCT2014,11OCT2014,240300200009,2,$97.40,$36.30,,99999999,2
1237244530,33176,"Sabatosanti, Ms. Maria Sandra",02JUN1958,Internet/Catalog Customers,Internet/Catalog Customers,4800103207,Via Treviso,Pomezia,00040,Lazio,Italy,Europe,48.690833,9.140556,05OCT2014,11OCT2014,240300200002,1,$29.30,$21.20,,99999999,2
1237244547,35239,"Buglioni, Mr. Michele",16SEP1990,Orion Club members,Orion  Club members medium activity,4800101577,Via C. Gianella,Legnago,37045,Veneto,Italy,Europe,48.690833,9.140556,05OCT2014,05OCT2014,230100500040,1,$12.50,$11.20,,120621,1
1237244547,35239,"Buglioni, Mr. Michele",16SEP1990,Orion Club members,Orion  Club members medium activity,4800101577,Via C. Gianella,Legnago,37045,Veneto,Italy,Europe,48.690833,9.140556,05OCT2014,05OCT2014,230100200017,1,$196.70,$196.90,,120621,1
1237244562,36876,"Michelone, Ms. Eva",18OCT1983,Orion Club Gold members,Orion Club Gold members medium activity,4800103112,Via Pionica,Pianiga,30030,Veneto,Italy,Europe,48.690833,9.140556,05OCT2014,05OCT2014,240400300032,1,$31.90,$25.70,,120631,1
1237244615,41542,"Archi, Ms. Stefania",21SEP1973,Orion Club Gold members,Orion Club Gold members medium activity,4800104260,Via Primo Maggio,Rovato,25038,Lombardia,Italy,Europe,48.690833,9.140556,05OCT2014,05OCT2014,220100800099,1,$46.20,$44.00,,120604,1
1237244675,47778,"Barone, Ms. Carmen",28FEB1968,Orion Club Gold members,Orion Club Gold members medium activity,4800101732,Via Mazzini,Massa E Cozzile,51010,Toscana,Italy,Europe,48.690833,9.140556,05OCT2014,10OCT2014,220200200015,1,$105.10,$95.50,,99999999,3
1237244702,48449,"Frediani, Ms. Nicoletta",27DEC1968,Orion Club Gold members,Orion Club Gold members medium activity,4800101633,Via San Colombano,Lodi,20075,Lombardia,Italy,Europe,48.690833,9.140556,05OCT2014,05OCT2014,240800100089,1,$119.90,$96.00,,120650,1
1237244706,49804,"Guerrini, Ms. Maria Candida",21DEC1948,Orion Club Gold members,Orion Club Gold members low activity,4800102664,Viale Elvezia,Monza,20052,Lombardia,Italy,Europe,48.690833,9.140556,05OCT2014,05OCT2014,220100900029,1,$31.40,$25.10,,120603,1
1237244731,55379,"Morena, Ms. Odeta",14FEB1990,Orion Club Gold members,Orion Club Gold members high activity,4800104877,Via Viotti,Torino,10121,Piemonte,Italy,Europe,48.690833,9.140556,05OCT2014,05OCT2014,220200200024,2,$121.20,$65.70,,120615,1
1237244741,55391,"Bonandini, Ms. Romina",11MAY1978,Orion Club Gold members,Orion Club Gold members high activity,4800104637,Viale Minieri,Telese,82037,Campania,Italy,Europe,48.690833,9.140556,05OCT2014,05OCT2014,230100100046,1,$134.80,$110.20,,120623,1
1237244741,55391,"Bonandini, Ms. Romina",11MAY1978,Orion Club Gold members,Orion Club Gold members high activity,4800104637,Viale Minieri,Telese,82037,Campania,Italy,Europe,48.690833,9.140556,05OCT2014,05OCT2014,230100100006,1,$176.00,$149.10,,120623,1
1237244756,56686,"Bertinetti, Mr. Leonardo",08FEB1938,Orion Club members,Orion Club members low activity,4800100766,Via Reiss Romoli,Castelletto Di Sett,20019,Basilicata,Italy,Europe,48.690833,9.140556,05OCT2014,05OCT2014,220200300082,1,$71.00,$64.60,,120618,1
1237244765,57034,"Falletti, Mr. Giovanni",05NOV1958,Orion Club Gold members,Orion Club Gold members medium activity,4800103936,Via Mario Carucci,Roma,00143,Lazio,Italy,Europe,48.690833,9.140556,05OCT2014,08OCT2014,220100100405,1,$12.00,$12.10,,99999999,2
1237244777,57703,"Trondoli, Mr. Orazio",13MAY1983,Orion Club members,Orion  Club members high activity,4800102155,Via G.B.Pirelli,Milano,20124,Lombardia,Italy,Europe,48.690833,9.140556,05OCT2014,05OCT2014,220101400349,1,$11.90,$9.60,,120605,1
1237244780,61138,"Cinoffo, Ms. Silvia",06AUG1943,Orion Club Gold members,Orion Club Gold members low activity,4800101021,Corso Vittorio Emanuele Ii,Cremona,26100,Lombardia,Italy,Europe,48.690833,9.140556,05OCT2014,07OCT2014,220100700022,1,$55.80,$47.30,,99999999,2
1237244813,63124,"Oteri, Mr. Paolo",08NOV1953,Orion Club members,Orion  Club members high activity,4800103467,Largo Chigi,Roma,00187,Lazio,Italy,Europe,48.690833,9.140556,05OCT2014,05OCT2014,220200300142,1,$110.30,$100.50,,120615,1
1237244820,63330,"Yea, Mr. Marcello",10APR1963,Orion Club members,Orion  Club members medium activity,4800104662,Via Di Poggilupi,Terranuova Bracciol,52028,Toscana,Italy,Europe,48.690833,9.140556,05OCT2014,06OCT2014,240700400036,1,$6.20,$5.50,,120639,1
1237244820,63330,"Yea, Mr. Marcello",10APR1963,Orion Club members,Orion  Club members medium activity,4800104662,Via Di Poggilupi,Terranuova Bracciol,52028,Toscana,Italy,Europe,48.690833,9.140556,05OCT2014,06OCT2014,240700400025,1,$41.50,$43.10,,120639,1
1237244840,65203,"Mussi, Mr. Paolo",27OCT1958,Orion Club members,Orion Club members low activity,4800103731,Via Del Giorgione,Roma,00147,Lazio,Italy,Europe,48.690833,9.140556,05OCT2014,08OCT2014,240200100076,2,$934.00,$512.90,,99999999,2
1237244861,70642,"Pinat, Mr. Giusy",09MAR1988,Orion Club Gold members,Orion Club Gold members high activity,4800102561,Stradello Soratore,Modena,41100,Emilia-Romagna,Italy,Europe,48.690833,9.140556,05OCT2014,05OCT2014,220200300080,1,$67.10,$61.00,,120614,1
1237244861,70642,"Pinat, Mr. Giusy",09MAR1988,Orion Club Gold members,Orion Club Gold members high activity,4800102561,Stradello Soratore,Modena,41100,Emilia-Romagna,Italy,Europe,48.690833,9.140556,05OCT2014,05OCT2014,220200200054,2,$391.40,$195.90,,120614,1
1237244873,71289,"Caponigro, Ms. Priscilla",15DEC1973,Orion Club Gold members,Orion Club Gold members medium activity,4800102908,Vicolo S. Maria Inconio,Padova,35128,Veneto,Italy,Europe,48.690833,9.140556,05OCT2014,05OCT2014,220200100099,1,$157.80,$158.00,,120617,1
1237244875,72260,"Di Stasio, Mr. Thierry",21AUG1963,Orion Club members,Orion  Club members high activity,4800101358,Mura Di Santa Chiara,Genova,16128,Liguria,Italy,Europe,48.690833,9.140556,05OCT2014,05OCT2014,220200100083,1,$156.30,$156.50,,120615,1
1237244887,72526,"Lattuada, Ms. Annarita",18SEP1978,Orion Club Gold members,Orion Club Gold members high activity,4800104265,Corso Del Popolo,Rovigo,45100,Veneto,Italy,Europe,48.690833,9.140556,05OCT2014,05OCT2014,220100800086,1,$66.60,$63.60,,120605,1
1237244905,72661,"Comacchio, Mr. Gianni",09JUN1983,Orion Club Gold members,Orion Club Gold members high activity,4800102108,Via Famagosta,Milano,20142,Lombardia,Italy,Europe,48.690833,9.140556,05OCT2014,09OCT2014,220101100014,1,$11.50,$9.70,,120603,1
1237244910,73144,"Ghidelli, Ms. Tiziana",04DEC1943,Orion Club members,Orion Club members low activity,4800102506,Viale Monza,Milano,20123,Lombardia,Italy,Europe,48.690833,9.140556,05OCT2014,05OCT2014,240500200098,1,$44.00,$41.90,,120633,1
1237244910,73144,"Ghidelli, Ms. Tiziana",04DEC1943,Orion Club members,Orion Club members low activity,4800102506,Viale Monza,Milano,20123,Lombardia,Italy,Europe,48.690833,9.140556,05OCT2014,05OCT2014,240500200077,1,$53.20,$44.30,,120633,1
1237244931,73583,"Sciutti, Ms. Rita",27SEP1983,Orion Club members,Orion  Club members high activity,4800103244,Via Divisione Modotti,Pordenone,33170,Friuli-Venezia Giulia,Italy,Europe,48.690833,9.140556,05OCT2014,05OCT2014,240200200083,1,$124.50,$99.80,,120610,1
1237244931,73583,"Sciutti, Ms. Rita",27SEP1983,Orion Club members,Orion  Club members high activity,4800103244,Via Divisione Modotti,Pordenone,33170,Friuli-Venezia Giulia,Italy,Europe,48.690833,9.140556,05OCT2014,05OCT2014,240200200029,1,$17.30,$13.50,,120610,1
1237244966,74490,"Guaitani, Mr. Giuliano",21MAR1992,Orion Club Gold members,Orion Club Gold members medium activity,4800100913,Via Valtellina,Cinisello Balsamo,20092,Lombardia,Italy,Europe,48.690833,9.140556,05OCT2014,05OCT2014,240800200020,1,$183.60,$167.00,,120650,1
1237244976,74963,"Crosignani, Ms. Anatolia",28JUN1958,Orion Club members,Orion  Club members high activity,4800101871,Piazza Einaudi,Milano,20124,Lombardia,Italy,Europe,48.690833,9.140556,05OCT2014,05OCT2014,220101300019,1,$59.10,$47.30,,120602,1
1237244976,74963,"Crosignani, Ms. Anatolia",28JUN1958,Orion Club members,Orion  Club members high activity,4800101871,Piazza Einaudi,Milano,20124,Lombardia,Italy,Europe,48.690833,9.140556,05OCT2014,05OCT2014,220100100218,1,$36.70,$36.90,,120602,1
1237245053,79169,"Stelitano, Mr. Valentino",09DEC1953,Orion Club Gold members,Orion Club Gold members medium activity,4800102311,Via Privata Cascia,Milano,20128,Lombardia,Italy,Europe,48.690833,9.140556,05OCT2014,05OCT2014,220200200026,1,$96.50,$88.50,,120618,1
1237245053,79169,"Stelitano, Mr. Valentino",09DEC1953,Orion Club Gold members,Orion Club Gold members medium activity,4800102311,Via Privata Cascia,Milano,20128,Lombardia,Italy,Europe,48.690833,9.140556,05OCT2014,05OCT2014,220200100142,1,$105.40,$105.60,,120618,1
1237245059,79734,"Grandi, Mr. Michele",28FEB1983,Orion Club members,Orion  Club members high activity,4800104146,Via de' Lucchesi,Roma,00187,Lazio,Italy,Europe,48.690833,9.140556,05OCT2014,05OCT2014,220101400342,1,$175.70,$159.80,,120603,1
1237245059,79734,"Grandi, Mr. Michele",28FEB1983,Orion Club members,Orion  Club members high activity,4800104146,Via de' Lucchesi,Roma,00187,Lazio,Italy,Europe,48.690833,9.140556,05OCT2014,05OCT2014,220100800040,1,$120.50,$114.70,,120603,1
1237245059,79734,"Grandi, Mr. Michele",28FEB1983,Orion Club members,Orion  Club members high activity,4800104146,Via de' Lucchesi,Roma,00187,Lazio,Italy,Europe,48.690833,9.140556,05OCT2014,05OCT2014,220100400022,1,$98.90,$95.40,,120603,1
1237245065,80451,"Ribatti, Mr. Vincenzo",16MAY1990,Orion Club Gold members,Orion Club Gold members medium activity,4800105110,Cannaregio,Venezia,30121,Veneto,Italy,Europe,48.690833,9.140556,05OCT2014,05OCT2014,240800200063,2,$84.40,$38.40,,120651,1
1237245072,80523,"Di Pasqua, Mr. Angelo",24MAY1953,Orion Club members,Orion  Club members medium activity,4800104468,Corso Italia,Savona,17100,Liguria,Italy,Europe,48.690833,9.140556,05OCT2014,06OCT2014,220200100130,1,$59.60,$59.80,,99999999,2
1237245099,81437,"Deaglio, Mr. Ralph",03AUG1978,Internet/Catalog Customers,Internet/Catalog Customers,4800103054,Via G.B. Pontani,Perugia,06124,Umbria,Italy,Europe,48.690833,9.140556,05OCT2014,11OCT2014,220200300123,1,$113.60,$103.40,,99999999,3
1237245108,81809,"Cargnino, Ms. Mitja",02FEB1973,Orion Club members,Orion  Club members high activity,4800101471,Via Nazionale,Grumolo Delle Abbad,36040,Veneto,Italy,Europe,48.690833,9.140556,05OCT2014,05OCT2014,220101400263,1,$133.50,$121.70,,120602,1
1237245112,82151,"Scarrone, Mr. Pietro Alberto",03NOV1983,Orion Club members,Orion Club members low activity,4800105245,Via Divisione Tridentina,Villa Al Serio,24020,Basilicata,Italy,Europe,48.690833,9.140556,05OCT2014,05OCT2014,240200100207,1,$106.90,$105.70,,120610,1
1237245114,82161,"Cucinella, Mr. Pinangela",19JUN1992,Orion Club Gold members,Orion Club Gold members low activity,4800102455,Via Zurigo,Milano,20147,Lombardia,Italy,Europe,48.690833,9.140556,05OCT2014,06OCT2014,240300300059,1,$356.80,$325.20,,99999999,2
1237245134,83744,"Muzzani, Mr. Daniele",14JUN1958,Orion Club Gold members,Orion Club Gold members low activity,4800101014,Via Roma,Creazzo Vi,36051,Basilicata,Italy,Europe,48.690833,9.140556,05OCT2014,10OCT2014,220101400278,1,$3.60,$3.40,,99999999,2
1237245153,84051,"Sfecci, Ms. Rita",17AUG1968,Orion Club Gold members,Orion Club Gold members high activity,4800103737,Via Del Poggio Laurentino,Roma,00148,Lazio,Italy,Europe,48.690833,9.140556,05OCT2014,05OCT2014,220100100264,1,$57.90,$58.10,,120605,1
1237245212,86688,"Casalotto Cossu, Mr. Maurizio",01DEC1992,Orion Club members,Orion  Club members medium activity,4800103334,Via Missiroli,Ravenna,48100,Emilia-Romagna,Italy,Europe,48.690833,9.140556,05OCT2014,05OCT2014,240800200047,1,$91.20,$73.10,,120650,1
1237245309,89142,"Bonaccorso, Ms. Nella",06AUG1963,Orion Club Gold members,Orion Club Gold members high activity,4800103850,Via Fiume Giallo,Roma,00144,Lazio,Italy,Europe,48.690833,9.140556,05OCT2014,10OCT2014,220200200032,1,$97.30,$88.50,,99999999,2
1237245334,90641,"Caricchia, Ms. Alexis",03JUN1958,Orion Club Gold members,Orion Club Gold members medium activity,4800104138,Via Xxiv Maggio,Roma,00187,Lazio,Italy,Europe,48.690833,9.140556,05OCT2014,10OCT2014,220100500026,1,$63.00,$57.40,,99999999,2
1237245424,91762,"Piccini, Mr. David",17NOV1992,Internet/Catalog Customers,Internet/Catalog Customers,4800104306,Via Venzone,S. Vito Al Tagliame,33078,Friuli-Venezia Giulia,Italy,Europe,48.690833,9.140556,05OCT2014,07OCT2014,220100300008,1,$85.70,$68.70,,99999999,2
1237245447,92024,"Cesareo, Ms. Ornella",11FEB1990,Orion Club Gold members,Orion Club Gold members medium activity,4800104512,Via Brusaporto,Seriate,24068,Lombardia,Italy,Europe,48.690833,9.140556,05OCT2014,05OCT2014,230100500077,1,$173.00,$145.50,,120620,1
1237245490,93249,"Ragazzini, Ms. Angela Maria",15SEP1953,Orion Club members,Orion Club members low activity,4800101701,Via Taliercio,Mantova,46100,Lombardia,Italy,Europe,48.690833,9.140556,05OCT2014,05OCT2014,220101400244,1,$44.20,$40.30,,120602,1
1237245593,5429,"Van Wakeren, Ms. J.J.",06JAN1978,Orion Club Gold members,Orion Club Gold members high activity,6300100104,Van Der Burchtlaan,'S-Gravenhage,2597 PC,,Netherlands,Europe,48.690833,9.140556,05OCT2014,05OCT2014,240500100029,1,$58.90,$52.20,,120553,1
1237245596,9648,"Hagen, Ms. M P",10NOV1988,Orion Club Gold members,Orion Club Gold members high activity,6300100206,Burgemeester Rijnderslaan,Amstelveen,1185 MC,,Netherlands,Europe,48.690833,9.140556,05OCT2014,05OCT2014,240700400026,1,$18.60,$17.00,,120562,1
1237245599,10753,"Carrotte, Mr. Patrick",09JAN1948,Orion Club members,Orion  Club members medium activity,6300101155,Marconistraat,Rotterdam,3029 AK,,Netherlands,Europe,48.690833,9.140556,05OCT2014,05OCT2014,230100100013,1,$113.10,$117.80,,120544,1
1237245642,18190,"Van Alphen, Ms. J.T.",27DEC1943,Orion Club members,Orion Club members low activity,6300100488,Steenbokstraat,Apeldoorn,7324 AZ,,Netherlands,Europe,48.690833,9.140556,05OCT2014,05OCT2014,220200100098,1,$120.70,$133.00,,120537,1
1237245642,18190,"Van Alphen, Ms. J.T.",27DEC1943,Orion Club members,Orion Club members low activity,6300100488,Steenbokstraat,Apeldoorn,7324 AZ,,Netherlands,Europe,48.690833,9.140556,05OCT2014,05OCT2014,220200100051,1,$121.30,$121.50,,120537,1
1237245673,19420,"Heuvelman, Ms. Sabine",20DEC1973,Orion Club Gold members,Orion Club Gold members medium activity,6300101165,Schiedamseweg,Rotterdam,3025 AT,,Netherlands,Europe,48.690833,9.140556,05OCT2014,05OCT2014,240100200008,1,$32.40,$26.80,,120527,1
1237245751,33164,"Schaaf, Mr. F.A.",19JUN1963,Orion Club members,Orion  Club members high activity,6300100646,Handelskade,Deventer,7417 DH,,Netherlands,Europe,48.690833,9.140556,05OCT2014,05OCT2014,240100200012,1,$34.00,$28.30,,120527,1
1237245788,37334,"Jonker, Mr. A.A.M.",01APR1948,Orion Club Gold members,Orion Club Gold members medium activity,6300100739,Antwerpseweg,Gouda,2800 AN,,Netherlands,Europe,48.690833,9.140556,05OCT2014,05OCT2014,240100400143,1,$166.60,$166.80,,120527,1
1237245807,37512,"Hellwich, Mr. C.A.",02JAN1948,Orion Club Gold members,Orion Club Gold members medium activity,6300101464,Utrechtseweg,Zeist,3704 AD,,Netherlands,Europe,48.690833,9.140556,05OCT2014,10OCT2014,230100300014,1,$41.00,$34.30,,99999999,2
1237245809,38448,"de Groot, Mr. Antonio",27NOV1983,Orion Club Gold members,Orion Club Gold members high activity,6300100667,Julianastraat,Diessen,5087 BA,,Netherlands,Europe,48.690833,9.140556,05OCT2014,05OCT2014,240700400003,1,$12.40,$11.20,,120563,1
1237245845,43346,"Jenkins, Mr. M.T.W.",14MAY1958,Orion Club Gold members,Orion Club Gold members high activity,6300101349,Tiberdreef,Utrecht,3500 GN,,Netherlands,Europe,48.690833,9.140556,05OCT2014,05OCT2014,230100600008,1,$144.50,$141.60,,120544,1
1237245849,44267,"Reijnders, Ms. J.C.",10JAN1978,Orion Club Gold members,Orion Club Gold members medium activity,6300100648,Kolkweg,Deventer,7413ZE,,Netherlands,Europe,48.690833,9.140556,05OCT2014,05OCT2014,240100100256,1,$46.80,$44.10,,120527,1
1237245849,44267,"Reijnders, Ms. J.C.",10JAN1978,Orion Club Gold members,Orion Club Gold members medium activity,6300100648,Kolkweg,Deventer,7413ZE,,Netherlands,Europe,48.690833,9.140556,05OCT2014,05OCT2014,240100100228,1,$6.40,$5.80,,120527,1
1237245854,44267,"Reijnders, Ms. J.C.",10JAN1978,Orion Club Gold members,Orion Club Gold members medium activity,6300100648,Kolkweg,Deventer,7413ZE,,Netherlands,Europe,48.690833,9.140556,05OCT2014,05OCT2014,240500200068,1,$118.70,$99.10,,120553,1
1237245891,51158,"Rubingh, Mr. J.F.J.",18APR1948,Orion Club Gold members,Orion Club Gold members low activity,6300101366,Prins Hendrikplein,Veendam,9641 GK,,Netherlands,Europe,48.690833,9.140556,05OCT2014,10OCT2014,220200200068,1,$107.00,$93.10,,99999999,2
1237245900,54393,"Kortekaas, Ms. J.J.H.",06JUN1992,Orion Club Gold members,Orion Club Gold members medium activity,6300101124,Admiraliteitskade,Rotterdam,3063 ED,,Netherlands,Europe,48.690833,9.140556,05OCT2014,05OCT2014,210200600018,1,$41.50,$38.60,,120529,1
1237245910,58246,"Zanchi, Ms. Anne Marie",08MAY1983,Orion Club members,Orion  Club members medium activity,6300100111,Zeestraat,'S-Gravenhage,2518 AC,,Netherlands,Europe,48.690833,9.140556,05OCT2014,05OCT2014,240100100732,1,$45.00,$38.40,,120527,1
1237245921,61593,"Jongerius, Ms. B.N.B.",07DEC1953,Orion Club Gold members,Orion Club Gold members medium activity,6300100694,Bldg Hcz-,Eindhoven,5611 BK,,Netherlands,Europe,48.690833,9.140556,05OCT2014,05OCT2014,240100400118,2,$525.60,$250.30,,120526,1
1237245921,61593,"Jongerius, Ms. B.N.B.",07DEC1953,Orion Club Gold members,Orion Club Gold members medium activity,6300100694,Bldg Hcz-,Eindhoven,5611 BK,,Netherlands,Europe,48.690833,9.140556,05OCT2014,05OCT2014,240100100695,1,$77.70,$66.20,,120526,1
1237245929,64878,"Verwijs, Ms. T.l.",08FEB1988,Orion Club members,Orion  Club members high activity,6300100023,Bezuidenhoutseweg,'S-Gravenhage,2594 AF,,Netherlands,Europe,48.690833,9.140556,05OCT2014,06OCT2014,220200100084,2,$213.00,$103.10,,99999999,2
1237245974,72000,"Van Spingelen, Mr. C.A.",28FEB1938,Orion Club members,Orion  Club members medium activity,6300100537,de Maas,Best,6584 PL,,Netherlands,Europe,48.690833,9.140556,05OCT2014,05OCT2014,240500200080,1,$58.20,$48.40,,120555,1
1237245994,73317,"Boekamp, Mr. G.J.E.",19SEP1968,Orion Club members,Orion Club members low activity,6300101472,Boerhavelaan,Zoetermeer,2713 HA,,Netherlands,Europe,48.690833,9.140556,05OCT2014,05OCT2014,220200200077,1,$134.90,$122.70,,120538,1
1237246002,74158,"Bruin, Mr. C.G.H.M.",21AUG1948,Orion Club members,Orion  Club members high activity,6300100911,Kanaalpark,Leiden,2321 JV,,Netherlands,Europe,48.690833,9.140556,05OCT2014,05OCT2014,230100200006,1,$93.10,$93.30,,120540,1
1237246019,75275,"Valstar, Ms. I.H.",15AUG1943,Orion Club Gold members,Orion Club Gold members medium activity,6300100868,Wieger Bruinlaan,Hoofddorp,2132 AX,,Netherlands,Europe,48.690833,9.140556,05OCT2014,09OCT2014,230100700002,1,$220.00,$270.00,,99999999,2
1237246065,77674,"Bloembergen, Ms. J.J.M.",18SEP1968,Orion Club Gold members,Orion Club Gold members high activity,6300100934,Duindoorn,Leidschendam,2262 AR,,Netherlands,Europe,48.690833,9.140556,05OCT2014,05OCT2014,240500200089,2,$36.00,$17.10,,120556,1
1237246089,78826,"Yeung, Mr. H.B.",06NOV1988,Orion Club members,Orion Club members low activity,6300101210,Boeing Avenue,Schiphol Rijk,1119 PN,,Netherlands,Europe,48.690833,9.140556,05OCT2014,07OCT2014,230100600028,1,$96.70,$96.90,,99999999,2
1237246089,78826,"Yeung, Mr. H.B.",06NOV1988,Orion Club members,Orion Club members low activity,6300101210,Boeing Avenue,Schiphol Rijk,1119 PN,,Netherlands,Europe,48.690833,9.140556,05OCT2014,07OCT2014,230100600021,1,$84.20,$84.40,,99999999,2
1237246091,79602,"Berendes, Mr. J.A.",11JAN1990,Orion Club members,Orion Club members low activity,6300100330,Keizersgracht,Amsterdam,1017 EN,,Netherlands,Europe,48.690833,9.140556,05OCT2014,05OCT2014,230100500085,1,$244.60,$201.50,,120546,1
1237246136,87428,"Brown, Mr. J.P.",13NOV1978,Orion Club members,Orion  Club members medium activity,6300100442,Foppingadreef,Amsterdam Z.O.,1102 BS,,Netherlands,Europe,48.690833,9.140556,05OCT2014,05OCT2014,210201000043,1,$12.20,$11.00,,120530,1
1237246163,88964,"Atkinson, Mr. A.M.J.",11MAR1953,Orion Club Gold members,Orion Club Gold members medium activity,6300100399,Strawinskylaan,Amsterdam,1077 XX,,Netherlands,Europe,48.690833,9.140556,05OCT2014,05OCT2014,240100200012,1,$34.00,$28.30,,120526,1
1237246175,91522,"Broekhuisen, Mr. W.J.",06FEB1968,Orion Club Gold members,Orion Club Gold members low activity,6300101065,P/A Kievietsbloem,Nootdorp,2631 TV,,Netherlands,Europe,48.690833,9.140556,05OCT2014,05OCT2014,230100600026,1,$118.60,$118.80,,120541,1
1237246175,91522,"Broekhuisen, Mr. W.J.",06FEB1968,Orion Club Gold members,Orion Club Gold members low activity,6300101065,P/A Kievietsbloem,Nootdorp,2631 TV,,Netherlands,Europe,48.690833,9.140556,05OCT2014,05OCT2014,230100500046,1,$45.60,$43.40,,120541,1
1237246179,92180,"Steensma, Mr. J.P.",19MAR1953,Orion Club Gold members,Orion Club Gold members low activity,6300100753,Stationsplein,Gouda,2801AK,,Netherlands,Europe,48.690833,9.140556,05OCT2014,05OCT2014,240100100159,1,$31.40,$27.80,,120525,1
1237246183,93364,"Wekx, Mr. S.J.W.",01APR1990,Orion Club members,Orion Club members low activity,6300100798,Roermondseweg,Haelen,6081 NT,,Netherlands,Europe,48.690833,9.140556,05OCT2014,05OCT2014,220100100198,1,$153.60,$153.80,,120532,1
1237246186,64898,"Gjestrum, Mr. Trond E.",06OCT1973,Orion Club members,Orion  Club members medium activity,6850100659,Øvre Ferstadv,Trondheim,7022,,Norway,Europe,48.690833,9.140556,05OCT2014,06OCT2014,230100200056,1,$270.00,$251.30,,99999999,2
1237246195,72515,"Carmona, Ms. Maria Teresa",02DEC1958,Orion Club Gold members,Orion Club Gold members high activity,7350100216,Rua Alexandre Herculano,Lisboa,1050-005,,Portugal,Europe,48.690833,9.140556,05OCT2014,06OCT2014,230100600023,1,$73.40,$73.60,,99999999,3
1237246195,72515,"Carmona, Ms. Maria Teresa",02DEC1958,Orion Club Gold members,Orion Club Gold members high activity,7350100216,Rua Alexandre Herculano,Lisboa,1050-005,,Portugal,Europe,48.690833,9.140556,05OCT2014,06OCT2014,230100600016,1,$77.00,$77.20,,99999999,3
1237246204,75553,"Gomes Cravinho, Ms. Elsa",19MAR1938,Orion Club Gold members,Orion Club Gold members high activity,7350100358,Tagus Park,Porto Salvo,2784-511,,Portugal,Europe,48.690833,9.140556,05OCT2014,06OCT2014,230100100025,1,$30.30,$26.30,,99999999,2
1237246211,9224,"Dognay, Ms. Bilge",14SEP1990,Internet/Catalog Customers,Internet/Catalog Customers,9050100001,Fahrettin Kerim Gokay Cad. No.,Altunizade-Istanbul,81120,,Turkey,Asia,29.840556,89.296667,05OCT2014,09OCT2014,230100600043,1,$63.80,$61.60,,99999999,3
1237246323,2272,"Schlitzkus, Ms. Nga",18JAN1953,Orion Club members,Orion  Club members high activity,9260109730,Center Cross Ct,Spring,77381,Texas,United States,North America,46.073056,-100.546667,05OCT2014,05OCT2014,210200600041,1,$11.10,$9.20,,121031,1
1237246357,2871,"Mitofsky, Mr. Patrick",03MAY1963,Orion Club Gold members,Orion Club Gold members high activity,9260109798,Flying Leaf Ct,Baytown,77520,Texas,United States,North America,46.073056,-100.546667,05OCT2014,05OCT2014,240700200009,1,$28.00,$22.70,,121105,1
1237246357,2871,"Mitofsky, Mr. Patrick",03MAY1963,Orion Club Gold members,Orion Club Gold members high activity,9260109798,Flying Leaf Ct,Baytown,77520,Texas,United States,North America,46.073056,-100.546667,05OCT2014,05OCT2014,240700100006,1,$23.50,$19.00,,121105,1
1237246374,3020,"Boone, Mr. William",26DEC1958,Internet/Catalog Customers,Internet/Catalog Customers,9260105221,Falls River Ave,Elmwood Park,60707,Illinois,United States,North America,46.073056,-100.546667,05OCT2014,07OCT2014,240800200062,1,$36.80,$33.50,,99999999,2
1237246393,3575,"Cavallari, Mr. Islao",22JUN1948,Orion Club Gold members,Orion Club Gold members medium activity,9260114246,Bahama Ct,Sherman Oaks,91403,California,United States,North America,46.073056,-100.546667,05OCT2014,05OCT2014,230100600031,1,$88.50,$84.90,,121066,1
1237246436,5624,"Gross, Mr. Howard",16MAY1992,Internet/Catalog Customers,Internet/Catalog Customers,9260126094,Edgewater Dr,Perkinston,39573,Mississippi,United States,North America,46.073056,-100.546667,05OCT2014,10OCT2014,230100600013,1,$71.70,$71.90,,99999999,2
1237246487,5959,"Wichalonis, Ms. Kellyann",11OCT1988,Orion Club members,Orion  Club members high activity,9260114803,Fern Ridge Dr,Azusa,91702,California,United States,North America,46.073056,-100.546667,05OCT2014,07OCT2014,240400200088,1,$197.40,$164.50,,99999999,2
1237246501,5975,"Haynes, Mr. Shahin",06SEP1978,Orion Club members,Orion Club members low activity,9260127266,Charlemagne Ct,Lake Katrine,12449,New York,United States,North America,46.073056,-100.546667,05OCT2014,05OCT2014,240100100329,1,$40.60,$40.80,,121025,1
1237246502,5976,"Hearl, Ms. Azure",21OCT1968,Orion Club Gold members,Orion Club Gold members high activity,9260129606,Glenmore Rd,Worcester,01604,Massachusetts,United States,North America,46.073056,-100.546667,05OCT2014,09OCT2014,240500100017,1,$53.50,$47.50,,99999999,2
1237246508,6227,"Bluestone, Mr. Kevin",21MAR1948,Orion Club Gold members,Orion Club Gold members medium activity,9260105741,Bristers Spring Way,Bedford,44146,Ohio,United States,North America,46.073056,-100.546667,05OCT2014,05OCT2014,240100400053,1,$98.70,$93.80,,121019,1
1237246508,6227,"Bluestone, Mr. Kevin",21MAR1948,Orion Club Gold members,Orion Club Gold members medium activity,9260105741,Bristers Spring Way,Bedford,44146,Ohio,United States,North America,46.073056,-100.546667,05OCT2014,05OCT2014,240100100552,1,$182.90,$155.60,,121019,1
1237246508,6227,"Bluestone, Mr. Kevin",21MAR1948,Orion Club Gold members,Orion Club Gold members medium activity,9260105741,Bristers Spring Way,Bedford,44146,Ohio,United States,North America,46.073056,-100.546667,05OCT2014,05OCT2014,240100100393,1,$165.20,$151.00,,121019,1
1237246522,6302,"Suckell, Ms. Jennifer",02FEB1983,Orion Club members,Orion  Club members high activity,9260107928,Gill St,Stamford,06902,Connecticut,United States,North America,46.073056,-100.546667,05OCT2014,05OCT2014,240100100582,1,$35.50,$29.70,,121024,1
1237246522,6302,"Suckell, Ms. Jennifer",02FEB1983,Orion Club members,Orion  Club members high activity,9260107928,Gill St,Stamford,06902,Connecticut,United States,North America,46.073056,-100.546667,05OCT2014,05OCT2014,240100100297,1,$5.70,$5.30,,121024,1
1237246556,7429,"Klimezak, Ms. Neiza",18SEP1978,Internet/Catalog Customers,Internet/Catalog Customers,9260105022,Bromfield Way,Chicago,60644,Illinois,United States,North America,46.073056,-100.546667,05OCT2014,07OCT2014,240800200059,1,$42.40,$38.30,,99999999,2
1237246578,7429,"Klimezak, Ms. Neiza",18SEP1978,Internet/Catalog Customers,Internet/Catalog Customers,9260105022,Bromfield Way,Chicago,60644,Illinois,United States,North America,46.073056,-100.546667,05OCT2014,07OCT2014,240100400076,2,$224.60,$137.20,,99999999,2
1237246588,7490,"Jett, Mr. Gregory",28FEB1988,Orion Club members,Orion  Club members medium activity,9260123908,Hidden Bluff Ln,San Diego,92120,California,United States,North America,46.073056,-100.546667,05OCT2014,05OCT2014,230100600005,1,$129.80,$126.40,,121074,1
1237246588,7490,"Jett, Mr. Gregory",28FEB1988,Orion Club members,Orion  Club members medium activity,9260123908,Hidden Bluff Ln,San Diego,92120,California,United States,North America,46.073056,-100.546667,05OCT2014,05OCT2014,230100100036,1,$34.30,$31.90,,121074,1
1237246596,8149,"Scheiern, Ms. Krisna",10SEP1963,Orion Club members,Orion  Club members medium activity,9260114753,Eastridge Dr,Gardena,90248,California,United States,North America,46.073056,-100.546667,05OCT2014,05OCT2014,220100900027,1,$51.80,$41.60,,121037,1
1237246599,8541,"Dangerfield, Ms. Juanita",15DEC1983,Orion Club members,Orion  Club members high activity,9260102626,Everett Ave,Pompano Beach,33064,Florida,United States,North America,46.073056,-100.546667,05OCT2014,05OCT2014,220101400316,1,$29.00,$26.60,,121042,1
1237246711,9522,"Culbreth, Mr. Geoffrey",12FEB1990,Orion Club Gold members,Orion Club Gold members low activity,9260125086,Indian Trail Dr,Memphis,38120,Tennessee,United States,North America,46.073056,-100.546667,05OCT2014,06OCT2014,240500200082,1,$39.20,$32.90,,99999999,2
1237246721,9680,"Cardinale, Ms. Cherlyne",23DEC1968,Orion Club Gold members,Orion Club Gold members medium activity,9260109904,Brisbayne Cir,Biloxi,39530,Mississippi,United States,North America,46.073056,-100.546667,05OCT2014,05OCT2014,240300100048,2,$31.00,$13.40,,121053,1
1237246790,11213,"Mindel, Mr. Saymin",14DEC1948,Orion Club Gold members,Orion Club Gold members high activity,9260127885,Hampton Rd,Huntsville,77320,Texas,United States,North America,46.073056,-100.546667,05OCT2014,05OCT2014,240700100006,1,$23.50,$19.00,,121105,1
1237246802,11626,"Strandburg, Ms. Trudee",21MAY1988,Orion Club Gold members,Orion Club Gold members medium activity,9260116836,Buckboard Ln,Hialeah,33014,Florida,United States,North America,46.073056,-100.546667,05OCT2014,05OCT2014,220101200001,1,$54.20,$43.50,,121041,1
1237246808,11626,"Strandburg, Ms. Trudee",21MAY1988,Orion Club Gold members,Orion Club Gold members medium activity,9260116836,Buckboard Ln,Hialeah,33014,Florida,United States,North America,46.073056,-100.546667,05OCT2014,07OCT2014,240100100076,1,$174.60,$166.20,,99999999,2
1237246844,12421,"Vella, Ms. Keturah",15MAR1963,Orion Club members,Orion  Club members high activity,9260116632,Ashley Glen Dr,Trenton,08620,New Jersey,United States,North America,46.073056,-100.546667,05OCT2014,10OCT2014,240800200013,1,$87.20,$72.60,,99999999,2
1237246873,12464,"Bailes, Mr. Joshua",09SEP1983,Orion Club Gold members,Orion Club Gold members high activity,9260118940,Appletree Ln,Fort Eustis,23604,Virginia,United States,North America,46.073056,-100.546667,05OCT2014,05OCT2014,210200300103,2,$39.40,$19.90,,121033,1
1237246912,12695,"Walker-Lee, Mr. George",23SEP1992,Internet/Catalog Customers,Internet/Catalog Customers,9260114373,Brandyapple Dr,Alhambra,91803,California,United States,North America,46.073056,-100.546667,05OCT2014,06OCT2014,240400300039,1,$19.60,$15.80,,99999999,2
1237246915,13012,"Custis, Mr. Randle",26JUL1983,Internet/Catalog Customers,Internet/Catalog Customers,9260125738,Custer Trl,Saint Louis,63123,Missouri,United States,North America,46.073056,-100.546667,05OCT2014,11OCT2014,240500100027,1,$45.50,$40.40,,99999999,3
1237246959,13324,"Alford, Ms. Torya",03FEB1968,Orion Club Gold members,Orion Club Gold members high activity,9260114846,Foxtrot Dr,Redondo Beach,90277,California,United States,North America,46.073056,-100.546667,05OCT2014,05OCT2014,240700200010,1,$26.90,$20.60,,121109,1
1237246999,13902,"Scarzafava, Ms. Laura",21JAN1992,Orion Club members,Orion  Club members high activity,9260103510,Battleford Dr,Elizabethton,37643,Tennessee,United States,North America,46.073056,-100.546667,05OCT2014,06OCT2014,240100100008,1,$10.20,$9.20,,99999999,2
1237247060,14434,"Mikucki, Mr. Larry",13AUG1983,Internet/Catalog Customers,Internet/Catalog Customers,9260114819,Fisher St,la Puente,91744,California,United States,North America,46.073056,-100.546667,05OCT2014,09OCT2014,240400200012,1,$172.30,$149.00,,99999999,2
1237247069,15488,"Duncan, Mr. Zanda",06AUG1990,Orion Club Gold members,Orion Club Gold members low activity,9260119246,Birdie Dr,Pontiac,48340,Michigan,United States,North America,46.073056,-100.546667,05OCT2014,05OCT2014,220101100028,1,$9.90,$5.50,,121040,1
1237247069,15488,"Duncan, Mr. Zanda",06AUG1990,Orion Club Gold members,Orion Club Gold members low activity,9260119246,Birdie Dr,Pontiac,48340,Michigan,United States,North America,46.073056,-100.546667,05OCT2014,05OCT2014,220100800029,1,$64.40,$61.50,,121040,1
1237247069,15488,"Duncan, Mr. Zanda",06AUG1990,Orion Club Gold members,Orion Club Gold members low activity,9260119246,Birdie Dr,Pontiac,48340,Michigan,United States,North America,46.073056,-100.546667,05OCT2014,05OCT2014,220100100420,1,$13.10,$13.20,,121040,1
1237247075,16625,"Zinner, Ms. Natalie",08OCT1988,Orion Club members,Orion Club members low activity,9260118371,Audubon Parc Dr,Muskegon,49441,Michigan,United States,North America,46.073056,-100.546667,05OCT2014,05OCT2014,240700100009,1,$26.99,$20.46,,121105,1
1237247095,16819,"Forte, Ms. Yangi",07JUL1948,Orion Club Gold members,Orion Club Gold members low activity,9260117231,Ford Gates Dr,West Townsend,01474,Massachusetts,United States,North America,46.073056,-100.546667,05OCT2014,05OCT2014,230100600022,1,$84.10,$84.30,,121073,1
1237247095,16819,"Forte, Ms. Yangi",07JUL1948,Orion Club Gold members,Orion Club Gold members low activity,9260117231,Ford Gates Dr,West Townsend,01474,Massachusetts,United States,North America,46.073056,-100.546667,05OCT2014,05OCT2014,230100100012,1,$188.20,$172.20,,121073,1
1237247126,17386,"Billmyer, Ms. Leonia",17DEC1973,Orion Club Gold members,Orion Club Gold members high activity,9260124343,Jones Ave,South San Francisco,94080,California,United States,North America,46.073056,-100.546667,05OCT2014,07OCT2014,240800200018,2,$83.40,$34.50,,99999999,2
1237247135,17562,"Puglisi, Mr. Jeremy",07JUN1978,Orion Club members,Orion  Club members high activity,9260103132,Fields Dr,Lake Charles,70611,Louisiana,United States,North America,46.073056,-100.546667,05OCT2014,05OCT2014,240700100001,2,$47.20,$24.60,,121106,1
1237247137,17563,"Drye, Mr. Christopher",11APR1938,Orion Club members,Orion  Club members medium activity,9260123741,Cameron Glen Dr,Escondido,92025,California,United States,North America,46.073056,-100.546667,05OCT2014,05OCT2014,240500100027,1,$45.50,$40.40,,121092,1
1237247149,18086,"Tilkemeier, Mr. Bruce",23NOV1953,Internet/Catalog Customers,Internet/Catalog Customers,9260114770,Eric St,Los Angeles,90011,California,United States,North America,46.073056,-100.546667,05OCT2014,07OCT2014,240400200099,1,$7.40,$4.90,,99999999,2
1237247175,18660,"Gulledge, Mr. Ronald",04JAN1948,Internet/Catalog Customers,Internet/Catalog Customers,9260112377,Adcox Pl,Kent,98042,Washington,United States,North America,46.073056,-100.546667,05OCT2014,10OCT2014,240800200058,1,$43.20,$39.00,,99999999,2
1237247239,19604,"Crow, Mr. Thomas",20NOV1963,Orion Club members,Orion Club members low activity,9260124982,Fort Sumter Rd,Topeka,66610,Kansas,United States,North America,46.073056,-100.546667,05OCT2014,05OCT2014,220100100634,1,$32.60,$32.80,,121042,1
1237247243,19788,"Zanzano, Ms. Anne",11MAR1990,Orion Club Gold members,Orion Club Gold members high activity,9260106168,Bentley Ln,Nashville,37211,Tennessee,United States,North America,46.073056,-100.546667,05OCT2014,05OCT2014,230100500080,1,$25.00,$24.40,,120733,1
1237247261,20283,"Traphagen, Mr. Neal",09NOV1988,Orion Club Gold members,Orion Club Gold members high activity,9260113822,Fairbanks Dr,Adrian,49221,Michigan,United States,North America,46.073056,-100.546667,05OCT2014,05OCT2014,230100500096,1,$35.50,$34.50,,120733,1
1237247261,20283,"Traphagen, Mr. Neal",09NOV1988,Orion Club Gold members,Orion Club Gold members high activity,9260113822,Fairbanks Dr,Adrian,49221,Michigan,United States,North America,46.073056,-100.546667,05OCT2014,05OCT2014,230100200063,1,$13.10,$11.20,,120733,1
1237247308,20481,"Williams, Mr. Charles",20JAN1968,Orion Club Gold members,Orion Club Gold members medium activity,9260126171,Cabarrus St,Brighton,02135,Massachusetts,United States,North America,46.073056,-100.546667,05OCT2014,05OCT2014,240100100577,1,$76.00,$63.50,,121024,1
1237247340,21245,"Bryant-Young, Ms. Serena",10APR1963,Orion Club Gold members,Orion Club Gold members high activity,9260112548,Ashby Pl,Brooklyn,11235,New York,United States,North America,46.073056,-100.546667,05OCT2014,05OCT2014,210201000028,1,$53.70,$49.00,,121035,1
1237247350,21461,"Altaie, Ms. Julie",14OCT1988,Orion Club Gold members,Orion Club Gold members low activity,9260114326,Biddestone Ct,Canyon Country,91351,California,United States,North America,46.073056,-100.546667,05OCT2014,05OCT2014,220101400205,1,$24.90,$22.40,,121036,1
1237247359,21738,"Ugunoke, Ms. Brenda",09AUG1992,Orion Club Gold members,Orion Club Gold members medium activity,9260109930,English Ivy Ln,Biloxi,39532,Mississippi,United States,North America,46.073056,-100.546667,05OCT2014,05OCT2014,230100600031,1,$88.50,$84.90,,121068,1
1237247359,21738,"Ugunoke, Ms. Brenda",09AUG1992,Orion Club Gold members,Orion Club Gold members medium activity,9260109930,English Ivy Ln,Biloxi,39532,Mississippi,United States,North America,46.073056,-100.546667,05OCT2014,05OCT2014,230100100013,1,$113.10,$117.80,,121068,1
1237247389,22240,"Lesslie, Mr. Harshadray",20MAR1953,Orion Club Gold members,Orion Club Gold members high activity,9260122229,Forest Glen Dr,Corona,11368,New York,United States,North America,46.073056,-100.546667,05OCT2014,05OCT2014,220200100108,1,$135.20,$135.40,,121058,1
1237247421,23210,"Wilson, Ms. Jennefer",11JUN1948,Orion Club Gold members,Orion Club Gold members high activity,9260111565,Bryn Athyn Way,Watertown,13601,New York,United States,North America,46.073056,-100.546667,05OCT2014,05OCT2014,220200200045,1,$113.00,$102.90,,121061,1
1237247422,23323,"Odom, Mr. Fasari",17NOV1973,Orion Club members,Orion  Club members high activity,9260128302,Cameron View Ct,Reno,89502,Nevada,United States,North America,46.073056,-100.546667,05OCT2014,06OCT2014,240600100198,1,$57.50,$48.40,,99999999,2
1237247422,23323,"Odom, Mr. Fasari",17NOV1973,Orion Club members,Orion  Club members high activity,9260128302,Cameron View Ct,Reno,89502,Nevada,United States,North America,46.073056,-100.546667,05OCT2014,06OCT2014,240600100167,1,$35.10,$30.60,,99999999,2
1237247430,23621,"Kemeny, Ms. Maude",10DEC1968,Orion Club members,Orion  Club members medium activity,9260128704,Hampton Ridge Rd,Detroit,48227,Michigan,United States,North America,46.073056,-100.546667,05OCT2014,05OCT2014,230100100039,1,$58.20,$46.70,,120732,1
1237247478,23968,"Folino, Ms. Megan",08NOV1983,Orion Club members,Orion  Club members high activity,9260103318,Hillcrest Rd,Harlingen,78552,Texas,United States,North America,46.073056,-100.546667,05OCT2014,08OCT2014,240100400046,2,$656.60,$331.90,,99999999,2
1237247478,23968,"Folino, Ms. Megan",08NOV1983,Orion Club members,Orion  Club members high activity,9260103318,Hillcrest Rd,Harlingen,78552,Texas,United States,North America,46.073056,-100.546667,05OCT2014,08OCT2014,240100100056,1,$29.80,$23.90,,99999999,2
1237247487,23970,"Asay, Ms. Jackaline",04NOV1983,Orion Club Gold members,Orion Club Gold members high activity,9260125263,Hillsborough St,Vacaville,95688,California,United States,North America,46.073056,-100.546667,05OCT2014,05OCT2014,220200300082,1,$71.00,$64.60,,121060,1
1237247504,24872,"Spalding, Mr. James",26OCT1968,Orion Club Gold members,Orion Club Gold members high activity,9260119447,Charleston Park Dr,Lakehurst,08733,New Jersey,United States,North America,46.073056,-100.546667,05OCT2014,05OCT2014,240800200021,1,$95.90,$83.30,,121139,1
1237247504,24872,"Spalding, Mr. James",26OCT1968,Orion Club Gold members,Orion Club Gold members high activity,9260119447,Charleston Park Dr,Lakehurst,08733,New Jersey,United States,North America,46.073056,-100.546667,05OCT2014,05OCT2014,240800200015,1,$127.30,$127.20,,121139,1
1237247566,27059,"Humphrey, Mr. Woodson",19JAN1968,Orion Club Gold members,Orion Club Gold members medium activity,9260106884,Dresden Ln,Clarendon Hills,60514,Illinois,United States,North America,46.073056,-100.546667,05OCT2014,08OCT2014,240100200014,2,$110.80,$45.60,,99999999,2
1237247575,27311,"Reubel, Ms. Mildred",13NOV1973,Orion Club members,Orion Club members low activity,9260115499,Calvary Dr,Godfrey,62035,Illinois,United States,North America,46.073056,-100.546667,05OCT2014,05OCT2014,240400200056,1,$174.70,$166.60,,121082,1
1237247584,27486,"Jamison, Mr. Lang",20APR1992,Orion Club Gold members,Orion Club Gold members low activity,9260114942,Gunston Pl,Altadena,91001,California,United States,North America,46.073056,-100.546667,05OCT2014,09OCT2014,210201000183,1,$36.70,$33.50,,121035,1
1237247653,27561,"Messina, Mr. Verbon",19JUL1973,Orion Club Gold members,Orion Club Gold members high activity,9260104579,Echo Pass Ct,Marietta,30066,Georgia,United States,North America,46.073056,-100.546667,05OCT2014,05OCT2014,230100500011,1,$67.80,$61.60,,121074,1
1237247653,27561,"Messina, Mr. Verbon",19JUL1973,Orion Club Gold members,Orion Club Gold members high activity,9260104579,Echo Pass Ct,Marietta,30066,Georgia,United States,North America,46.073056,-100.546667,05OCT2014,05OCT2014,230100100015,3,$320.70,$91.00,,121074,1
1237247669,28235,"Bussey, Ms. Marguerit",23APR1988,Orion Club Gold members,Orion Club Gold members high activity,9260128918,Avent Hill,West Harrison,10604,New York,United States,North America,46.073056,-100.546667,05OCT2014,05OCT2014,220100100104,1,$17.80,$18.00,,121039,1
1237247672,28277,"Frelich, Ms. Joelen",13JUL1990,Orion Club Gold members,Orion Club Gold members high activity,9260121528,Laodicea Dr,Cascade,24069,Virginia,United States,North America,46.073056,-100.546667,05OCT2014,09OCT2014,240100100651,1,$29.20,$25.80,,99999999,2
1237247686,28458,"Lumia, Ms. Jenan",23JAN1978,Orion Club Gold members,Orion Club Gold members low activity,9260105864,Bowling Rd,Burnsville,55337,Minnesota,United States,North America,46.073056,-100.546667,05OCT2014,05OCT2014,240700100012,1,$21.99,$18.20,,121106,1
1237247692,28842,"Street, Mr. Thomas",11MAR1948,Orion Club members,Orion Club members low activity,9260102766,Hogans Valley Way,Sardinia,45171,Ohio,United States,North America,46.073056,-100.546667,05OCT2014,10OCT2014,240500200042,1,$39.90,$38.00,,99999999,2
1237247707,28880,"Whynot, Mr. Timothy",07FEB1973,Orion Club Gold members,Orion Club Gold members high activity,9260107776,Eaglebrook Ct,Battle Mountain,89820,Nevada,United States,North America,46.073056,-100.546667,05OCT2014,05OCT2014,230100600036,1,$103.20,$100.80,,121073,1
1237247725,29060,"Early, Mr. Francis",15SEP1983,Orion Club Gold members,Orion Club Gold members low activity,9260111775,Hollenden Dr,Louisville,40216,Kentucky,United States,North America,46.073056,-100.546667,05OCT2014,05OCT2014,240100400073,1,$127.70,$126.90,,121023,1
1237247736,29078,"Jones, Mr. Adonte",07AUG1938,Orion Club members,Orion Club members low activity,9260126366,Druids Ln,Ellicott City,21043,Maryland,United States,North America,46.073056,-100.546667,05OCT2014,05OCT2014,220100100563,1,$38.60,$38.80,,121043,1
1237247749,29079,"Spainhour, Mr. Erlyx",17OCT1963,Orion Club members,Orion  Club members medium activity,9260106416,Footman Way,Drexel Hill,19026,Pennsylvania,United States,North America,46.073056,-100.546667,05OCT2014,05OCT2014,220100100102,1,$12.90,$13.10,,121039,1
1237247795,29927,"Sieglinger, Ms. Andria",07MAR1968,Orion Club members,Orion  Club members medium activity,9260102859,Hardimont Rd,Feasterville Trevos,19053,Pennsylvania,United States,North America,46.073056,-100.546667,05OCT2014,05OCT2014,210200300014,1,$13.10,$13.20,,121029,1
1237247810,30134,"Gaughran, Mr. Mallard",13APR1953,Orion Club Gold members,Orion Club Gold members low activity,9260104622,Grahamwood Ct,Tuba City,86045,Arizona,United States,North America,46.073056,-100.546667,05OCT2014,08OCT2014,240100400049,1,$442.20,$447.10,,121021,1
1237247855,30516,"Waterston, Mr. John",27MAR1968,Orion Club members,Orion  Club members high activity,9260118250,Dellwood Dr,Parsippany,07054,New Jersey,United States,North America,46.073056,-100.546667,05OCT2014,05OCT2014,240700400030,1,$22.90,$19.90,,121106,1
1237247855,30516,"Waterston, Mr. John",27MAR1968,Orion Club members,Orion  Club members high activity,9260118250,Dellwood Dr,Parsippany,07054,New Jersey,United States,North America,46.073056,-100.546667,05OCT2014,05OCT2014,240700300004,2,$34.00,$16.20,,121106,1
1237247882,30836,"Romska, Mr. Jim",08MAR1988,Orion Club Gold members,Orion Club Gold members medium activity,9260119182,Bennington Dr,Corpus Christi,78408,Texas,United States,North America,46.073056,-100.546667,05OCT2014,06OCT2014,210200400078,2,$84.20,$42.30,,99999999,2
1237247888,31066,"Karsten, Ms. Kimberly",15DEC1988,Orion Club Gold members,Orion Club Gold members high activity,9260124957,Dahlberg Dr,Liberal,67901,Kansas,United States,North America,46.073056,-100.546667,05OCT2014,06OCT2014,220101400265,1,$37.10,$33.10,,121040,1
1237247888,31066,"Karsten, Ms. Kimberly",15DEC1988,Orion Club Gold members,Orion Club Gold members high activity,9260124957,Dahlberg Dr,Liberal,67901,Kansas,United States,North America,46.073056,-100.546667,05OCT2014,06OCT2014,220100500018,1,$65.80,$60.00,,121040,1
1237247920,31567,"Fegers, Ms. Gladyse",01JUL1978,Orion Club Gold members,Orion Club Gold members high activity,9260112700,Cottage Cir,Brooklyn,11239,New York,United States,North America,46.073056,-100.546667,05OCT2014,05OCT2014,220100100198,1,$153.60,$153.80,,121041,1
1237247931,31589,"Sintal, Mr. Lan",10JUL1948,Orion Club members,Orion  Club members medium activity,9260126175,Cameron Chase Dr,Patchogue,11772,New York,United States,North America,46.073056,-100.546667,05OCT2014,05OCT2014,220101500010,1,$317.70,$326.00,,121041,1
1237247931,31589,"Sintal, Mr. Lan",10JUL1948,Orion Club members,Orion  Club members medium activity,9260126175,Cameron Chase Dr,Patchogue,11772,New York,United States,North America,46.073056,-100.546667,05OCT2014,05OCT2014,220101400392,1,$105.20,$95.70,,121041,1
1237247942,31633,"Gibbs, Ms. Brillian",11APR1938,Orion Club Gold members,Orion Club Gold members medium activity,9260129525,Emory Ln,Sioux City,51103,Iowa,United States,North America,46.073056,-100.546667,05OCT2014,05OCT2014,240100100666,1,$9.60,$8.00,,121024,1
1237247952,32113,"Zisek, Ms. Dewbra",15NOV1943,Orion Club Gold members,Orion Club Gold members medium activity,9260108287,Fern Abbey Ln,Reynoldsburg,43068,Ohio,United States,North America,46.073056,-100.546667,05OCT2014,08OCT2014,240400300035,1,$19.10,$15.40,,99999999,2
1237247952,32113,"Zisek, Ms. Dewbra",15NOV1943,Orion Club Gold members,Orion Club Gold members medium activity,9260108287,Fern Abbey Ln,Reynoldsburg,43068,Ohio,United States,North America,46.073056,-100.546667,05OCT2014,08OCT2014,240400200036,3,$166.50,$50.20,,99999999,2
